,MEASUREMENT_TIME,ID_INPUT,VALUE,PRIVATE_DATA,Time_Used
0,2023-01-19 20:06:06.546,4,s0,0,0.0
1,2023-01-19 20:06:06.546,4,VsDebugConsole.exe,0,7.042
2,2023-01-19 20:06:13.588,4,devenv.exe,0,1.013
3,2023-01-19 20:06:14.601,4,VsDebugConsole.exe,0,2.012
4,2023-01-19 20:06:16.613,4,chrome.exe,0,1.005
5,2023-01-19 20:06:17.618,4,VsDebugConsole.exe,0,1.006
6,2023-01-19 20:06:18.624,4,Messenger.exe,0,3.019
7,2023-01-19 20:06:21.643,4,VsDebugConsole.exe,0,1.007
8,2023-01-19 20:06:22.650,4,explorer.exe,0,1.005
9,2023-01-19 20:06:23.655,4,VsDebugConsole.exe,0,2.012
10,2023-01-19 20:06:25.667,4,Teams.exe,0,8.059
11,2023-01-19 20:06:33.726,4,VsDebugConsole.exe,0,2.023
12,2023-01-19 20:06:35.749,4,chrome.exe,0,37.291
13,2023-01-19 20:07:13.040,4,SearchHost.exe,0,6.175
14,2023-01-19 20:07:19.215,4,Unable To Open Process,0,5.037
15,2023-01-19 20:07:24.252,4,chrome.exe,0,1.01
16,2023-01-19 20:07:25.262,4,Unable To Open Process,0,16.1
17,2023-01-19 20:07:41.362,4,chrome.exe,0,67.482
18,2023-01-19 20:08:48.844,4,VsDebugConsole.exe,0,0.0
19,2023-01-19 20:17:38.090,4,s0,0,0.0
20,2023-01-19 20:17:38.090,4,VsDebugConsole.exe,0,3.019
21,2023-01-19 20:17:41.109,4,devenv.exe,0,2.006
22,2023-01-19 20:17:43.115,4,VsDebugConsole.exe,0,1.007
23,2023-01-19 20:17:44.122,4,Unable To Open Process,0,2.016
24,2023-01-19 20:17:46.138,4,VsDebugConsole.exe,0,3.015
25,2023-01-19 20:17:49.153,4,SearchHost.exe,0,2.013
26,2023-01-19 20:17:51.166,4,explorer.exe,0,2.118
27,2023-01-19 20:17:53.284,4,Unable To Open Process,0,5.028
28,2023-01-19 20:17:58.312,4,explorer.exe,0,5.035
29,2023-01-19 20:18:03.347,4,chrome.exe,0,18.124
30,2023-01-19 20:18:21.471,4,python-3.11.1-amd64.exe,0,7.052
31,2023-01-19 20:18:28.523,4,Unable To Open Process,0,42.212
32,2023-01-19 20:19:10.735,4,chrome.exe,0,50.339
33,2023-01-19 20:20:01.074,4,Unable To Open Process,0,20.148
34,2023-01-19 20:20:21.222,4,chrome.exe,0,11.09
35,2023-01-19 20:20:32.312,4,Unable To Open Process,0,25.183
36,2023-01-19 20:20:57.495,4,chrome.exe,0,56.497
37,2023-01-19 20:21:53.992,4,Unable To Open Process,0,3.027
38,2023-01-19 20:21:57.019,4,chrome.exe,0,2.014
39,2023-01-19 20:21:59.033,4,Unable To Open Process,0,6.056
40,2023-01-19 20:22:05.089,4,chrome.exe,0,11.086
41,2023-01-19 20:22:16.175,4,Unable To Open Process,0,78.57
42,2023-01-19 20:23:34.745,4,SearchHost.exe,0,11.084
43,2023-01-19 20:23:45.829,4,Unable To Open Process,0,42.309
44,2023-01-19 20:24:28.138,4,chrome.exe,0,3.038
45,2023-01-19 20:24:31.176,4,Unable To Open Process,0,22.153
46,2023-01-19 20:24:53.329,4,Unable To Open Process,0,20.118
47,2023-01-19 20:25:13.447,4,chrome.exe,0,46.364
48,2023-01-19 20:25:59.811,4,Unable To Open Process,0,14.109
49,2023-01-19 20:26:13.920,4,chrome.exe,0,7.051
50,2023-01-19 20:26:20.971,4,Unable To Open Process,0,95.637
51,2023-01-19 20:27:56.608,4,Unable To Open Process,0,16.121
52,2023-01-19 20:28:12.729,4,Unable To Open Process,0,2.018
53,2023-01-19 20:28:14.747,4,Unable To Open Process,0,1.002
54,2023-01-19 20:28:15.749,4,Unable To Open Process,0,9.064
55,2023-01-19 20:28:24.813,4,chrome.exe,0,26.214
56,2023-01-19 20:28:51.027,4,Unable To Open Process,0,23.156
57,2023-01-19 20:29:14.183,4,Unable To Open Process,0,5.029
58,2023-01-19 20:29:19.212,4,chrome.exe,0,16.119
59,2023-01-19 20:29:35.331,4,VsDebugConsole.exe,0,4.018
60,2023-01-19 20:29:39.349,4,chrome.exe,0,3.018
61,2023-01-19 20:29:42.367,4,Messenger.exe,0,204.13
62,2023-01-19 20:33:06.497,4,chrome.exe,0,52.388
63,2023-01-19 20:33:58.885,4,Unable To Open Process,0,14.095
64,2023-01-19 20:34:12.980,4,chrome.exe,0,2.015
65,2023-01-19 20:34:14.995,4,SearchHost.exe,0,4.023
66,2023-01-19 20:34:19.018,4,Unable To Open Process,0,4.14
67,2023-01-19 20:34:23.158,4,ShellExperienceHost.exe,0,1.005
68,2023-01-19 20:34:24.163,4,Unable To Open Process,0,29.19
69,2023-01-19 20:34:53.353,4,chrome.exe,0,46.366
70,2023-01-19 20:35:39.719,4,Git-2.39.1-64-bit.tmp,0,1.011
71,2023-01-19 20:35:40.730,4,Unable To Open Process,0,216.334
72,2023-01-19 20:39:17.064,4,chrome.exe,0,6.058
73,2023-01-19 20:39:23.122,4,Unable To Open Process,0,4.016
74,2023-01-19 20:39:27.138,4,chrome.exe,0,24.19
75,2023-01-19 20:39:51.328,4,Unable To Open Process,0,1.008
76,2023-01-19 20:39:52.336,4,chrome.exe,0,2.033
77,2023-01-19 20:39:54.369,4,explorer.exe,0,1.006
78,2023-01-19 20:39:55.375,4,SearchHost.exe,0,6.042
79,2023-01-19 20:40:01.417,4,Unable To Open Process,0,3.022
80,2023-01-19 20:40:04.439,4,chrome.exe,0,1.133
81,2023-01-19 20:40:05.572,4,Unable To Open Process,0,36.329
82,2023-01-19 20:40:41.901,4,chrome.exe,0,9.076
83,2023-01-19 20:40:50.977,4,Unable To Open Process,0,26.155
84,2023-01-19 20:41:17.132,4,chrome.exe,0,46.379
85,2023-01-19 20:42:03.511,4,Unable To Open Process,0,26.212
86,2023-01-19 20:42:29.723,4,chrome.exe,0,17.134
87,2023-01-19 20:42:46.857,4,Unable To Open Process,0,14.112
88,2023-01-19 20:43:00.969,4,chrome.exe,0,5.051
89,2023-01-19 20:43:06.020,4,Unable To Open Process,0,4.032
90,2023-01-19 20:43:10.052,4,chrome.exe,0,92.76
91,2023-01-19 20:44:42.812,4,Unable To Open Process,0,26.161
92,2023-01-19 20:45:08.973,4,chrome.exe,0,33.291
93,2023-01-19 20:45:42.264,4,Unable To Open Process,0,4.042
94,2023-01-19 20:45:46.306,4,chrome.exe,0,66.638
95,2023-01-19 20:46:52.944,4,Unable To Open Process,0,41.401
96,2023-01-19 20:47:34.345,4,chrome.exe,0,5.041
97,2023-01-19 20:47:39.386,4,Unable To Open Process,0,6.056
98,2023-01-19 20:47:45.442,4,chrome.exe,0,31.33
99,2023-01-19 20:48:16.772,4,Unable To Open Process,0,12.085
100,2023-01-19 20:48:28.857,4,Unable To Open Process,0,11.073
101,2023-01-19 20:48:39.930,4,Unable To Open Process,0,11.061
102,2023-01-19 20:48:50.991,4,Unable To Open Process,0,44.271
103,2023-01-19 20:49:35.262,4,chrome.exe,0,26.213
104,2023-01-19 20:50:01.475,4,Unable To Open Process,0,1.007
105,2023-01-19 20:50:02.482,4,chrome.exe,0,3.014
106,2023-01-19 20:50:05.496,4,SearchHost.exe,0,1.013
107,2023-01-19 20:50:06.509,4,cmd.exe,0,22.136
108,2023-01-19 20:50:28.645,4,chrome.exe,0,20.136
109,2023-01-19 20:50:48.781,4,Unable To Open Process,0,597.222
110,2023-01-19 21:00:46.003,4,chrome.exe,0,339.591
111,2023-01-19 21:06:25.594,4,VsDebugConsole.exe,0,5.051
112,2023-01-19 21:06:30.645,4,chrome.exe,0,378.959
113,2023-01-19 21:12:49.604,4,Messenger.exe,0,2.015
114,2023-01-19 21:12:51.619,4,chrome.exe,0,31.268
115,2023-01-19 21:13:22.887,4,Messenger.exe,0,3.031
116,2023-01-19 21:13:25.918,4,chrome.exe,0,78.655
117,2023-01-19 21:14:44.573,4,Messenger.exe,0,2.021
118,2023-01-19 21:14:46.594,4,chrome.exe,0,561.801
119,2023-01-19 21:24:08.395,4,Messenger.exe,0,3.031
120,2023-01-19 21:24:11.426,4,chrome.exe,0,5.026
121,2023-01-19 21:24:16.452,4,Messenger.exe,0,4.015
122,2023-01-19 21:24:20.467,4,chrome.exe,0,15.116
123,2023-01-19 21:24:35.583,4,CredentialUIBroker.exe,0,8.084
124,2023-01-19 21:24:43.667,4,chrome.exe,0,50.572
125,2023-01-19 21:25:34.239,4,CredentialUIBroker.exe,0,31.369
126,2023-01-19 21:26:05.608,4,chrome.exe,0,208.82
127,2023-01-19 21:29:34.428,4,ShellExperienceHost.exe,0,5.046
128,2023-01-19 21:29:39.474,4,chrome.exe,0,14.143
129,2023-01-19 21:29:53.617,4,explorer.exe,0,3.037
130,2023-01-19 21:29:56.654,4,ShellExperienceHost.exe,0,25.224
131,2023-01-19 21:30:21.878,4,chrome.exe,0,1.012
132,2023-01-19 21:30:22.890,4,SearchHost.exe,0,5.036
133,2023-01-19 21:30:27.926,4,ApplicationFrameHost.exe,0,114.945
134,2023-01-19 21:32:22.871,4,chrome.exe,0,11.121
135,2023-01-19 21:32:33.992,4,VsDebugConsole.exe,0,8.07
136,2023-01-19 21:32:42.062,4,chrome.exe,0,1259.907
137,2023-01-19 21:53:41.969,4,VsDebugConsole.exe,0,11.113
138,2023-01-19 21:53:53.082,4,chrome.exe,0,3.032
139,2023-01-19 21:53:56.114,4,VsDebugConsole.exe,0,2.015
140,2023-01-19 21:53:58.129,4,chrome.exe,0,1.001
141,2023-01-19 21:53:59.130,4,ApplicationFrameHost.exe,0,5.057
142,2023-01-19 21:54:04.187,4,Messenger.exe,0,6.049
143,2023-01-19 21:54:10.236,4,Unable To Open Process,0,3.038
144,2023-01-19 21:54:13.274,4,cmd.exe,0,2.029
145,2023-01-19 21:54:15.303,4,explorer.exe,0,11.095
146,2023-01-19 21:54:26.398,4,chrome.exe,0,518.846
147,2023-01-19 22:03:05.244,4,explorer.exe,0,23.184
148,2023-01-19 22:03:28.428,4,DB Browser for SQLite.exe,0,7.037
149,2023-01-19 22:03:35.465,4,explorer.exe,0,2.009
150,2023-01-19 22:03:37.474,4,DB Browser for SQLite.exe,0,55.334
151,2023-01-19 22:04:32.808,4,explorer.exe,0,1.007
152,2023-01-19 22:04:33.815,4,chrome.exe,0,189.969
153,2023-01-19 22:07:43.784,4,DB Browser for SQLite.exe,0,3.037
154,2023-01-19 22:07:46.821,4,chrome.exe,0,3.02
155,2023-01-19 22:07:49.841,4,Teams.exe,0,81.615
156,2023-01-19 22:09:11.456,4,chrome.exe,0,1.004
157,2023-01-19 22:09:12.460,4,explorer.exe,0,44.31
158,2023-01-19 22:09:56.770,4,VsDebugConsole.exe,0,0.0
159,2023-01-19 22:13:50.081,4,s0,0,0.0
160,2023-01-19 22:13:50.081,4,VsDebugConsole.exe,0,4.024
161,2023-01-19 22:13:54.105,4,devenv.exe,0,8.056
162,2023-01-19 22:14:02.161,4,chrome.exe,0,43.342
163,2023-01-19 22:14:45.503,4,explorer.exe,0,2.014
164,2023-01-19 22:14:47.517,4,devenv.exe,0,90.549
165,2023-01-19 22:16:18.066,4,Teams.exe,0,257.109
166,2023-01-19 22:20:35.175,4,DB Browser for SQLite.exe,0,1.0
167,2023-01-19 22:20:36.175,4,explorer.exe,0,3.025
168,2023-01-19 22:20:39.200,4,VsDebugConsole.exe,0,4.034
169,2023-01-19 22:20:43.234,4,DB Browser for SQLite.exe,0,1.013
170,2023-01-19 22:20:44.247,4,VsDebugConsole.exe,0,5.031
171,2023-01-19 22:20:49.278,4,DB Browser for SQLite.exe,0,1.005
172,2023-01-19 22:20:50.283,4,VsDebugConsole.exe,0,2.011
173,2023-01-19 22:20:52.294,4,Teams.exe,0,1.007
174,2023-01-19 22:20:53.301,4,VsDebugConsole.exe,0,1.005
175,2023-01-19 22:20:54.306,4,devenv.exe,0,3.056
176,2023-01-19 22:20:57.362,4,VsDebugConsole.exe,0,11.122
177,2023-01-19 22:21:08.484,4,explorer.exe,0,3.028
178,2023-01-19 22:21:11.512,4,VsDebugConsole.exe,0,4.03
179,2023-01-19 22:21:15.542,4,explorer.exe,0,1.006
180,2023-01-19 22:21:16.548,4,chrome.exe,0,70.509
181,2023-01-19 22:22:27.057,4,VsDebugConsole.exe,0,1.016
182,2023-01-19 22:22:28.073,4,chrome.exe,0,4.029
183,2023-01-19 22:22:32.102,4,explorer.exe,0,3.012
184,2023-01-19 22:22:35.114,4,SearchHost.exe,0,4.02
185,2023-01-19 22:22:39.134,4,explorer.exe,0,1.006
186,2023-01-19 22:22:40.140,4,devenv.exe,0,11.097
187,2023-01-19 22:22:51.237,4,VsDebugConsole.exe,0,2.027
188,2023-01-19 22:22:53.264,4,devenv.exe,0,1.011
189,2023-01-19 22:22:54.275,4,VsDebugConsole.exe,0,1.114
190,2023-01-19 22:22:55.389,4,explorer.exe,0,2.028
191,2023-01-19 22:22:57.417,4,chrome.exe,0,73.594
192,2023-01-19 22:24:11.011,4,Unable To Open Process,0,20.22
193,2023-01-19 22:24:31.231,4,chrome.exe,0,733.61
194,2023-01-19 22:36:44.841,4,VsDebugConsole.exe,0,0.0
195,2023-01-19 22:39:57.826,4,s0,0,0.0
196,2023-01-19 22:39:57.826,4,VsDebugConsole.exe,0,5.046
197,2023-01-19 22:40:02.872,4,devenv.exe,0,1.005
198,2023-01-19 22:40:03.877,4,DB Browser for SQLite.exe,0,14.131
199,2023-01-19 22:40:18.008,4,explorer.exe,0,1.022
200,2023-01-19 22:40:19.030,4,chrome.exe,0,24.172
201,2023-01-19 22:40:43.202,4,explorer.exe,0,13.146
202,2023-01-19 22:40:56.348,4,chrome.exe,0,13.093
203,2023-01-19 22:41:09.441,4,VsDebugConsole.exe,0,4.036
204,2023-01-19 22:41:13.477,4,chrome.exe,0,2.017
205,2023-01-19 22:41:15.494,4,explorer.exe,0,2.026
206,2023-01-19 22:41:17.520,4,DB Browser for SQLite.exe,0,41.442
207,2023-01-19 22:41:58.962,4,explorer.exe,0,3.033
208,2023-01-19 22:42:01.995,4,chrome.exe,0,152.337
209,2023-01-19 22:44:34.332,4,explorer.exe,0,3.027
210,2023-01-19 22:44:37.359,4,DB Browser for SQLite.exe,0,51.478
211,2023-01-19 22:45:28.837,4,SearchHost.exe,0,1.006
212,2023-01-19 22:45:29.843,4,explorer.exe,0,1.015
213,2023-01-19 22:45:30.858,4,cmd.exe,0,27.266
214,2023-01-19 22:45:58.124,4,DB Browser for SQLite.exe,0,8.072
215,2023-01-19 22:46:06.196,4,cmd.exe,0,5.044
216,2023-01-19 22:46:11.240,4,VsDebugConsole.exe,0,0.0
217,2023-01-19 22:46:54.472,4,s0,0,0.0
218,2023-01-19 22:46:54.472,4,VsDebugConsole.exe,0,2.031
219,2023-01-19 22:46:56.503,4,devenv.exe,0,2.024
220,2023-01-19 22:46:58.527,4,VsDebugConsole.exe,0,2.023
221,2023-01-19 22:47:00.550,4,devenv.exe,0,1.002
222,2023-01-19 22:47:01.552,4,DB Browser for SQLite.exe,0,4.05
223,2023-01-19 22:47:05.602,4,explorer.exe,0,13.087
224,2023-01-19 22:47:18.689,4,chrome.exe,0,337.929
225,2023-01-19 22:52:56.618,4,devenv.exe,0,69.687
226,2023-01-19 22:54:06.305,4,chrome.exe,0,97.792
227,2023-01-19 22:55:44.097,4,devenv.exe,0,2.025
228,2023-01-19 22:55:46.122,4,explorer.exe,0,13.138
229,2023-01-19 22:55:59.260,4,DB Browser for SQLite.exe,0,105.93
230,2023-01-19 22:57:45.190,4,explorer.exe,0,29.311
231,2023-01-19 22:58:14.501,4,DB Browser for SQLite.exe,0,25.224
232,2023-01-19 22:58:39.725,4,explorer.exe,0,10.097
233,2023-01-19 22:58:49.822,4,chrome.exe,0,15.123
234,2023-01-19 22:59:04.945,4,devenv.exe,0,8.047
235,2023-01-19 22:59:12.992,4,explorer.exe,0,1.007
236,2023-01-19 22:59:13.999,4,chrome.exe,0,259.104
237,2023-01-19 23:03:33.103,4,Messenger.exe,0,8.063
238,2023-01-19 23:03:41.166,4,chrome.exe,0,16.165
239,2023-01-19 23:03:57.331,4,VsDebugConsole.exe,0,1.01
240,2023-01-19 23:03:58.341,4,chrome.exe,0,2.026
241,2023-01-19 23:04:00.367,4,devenv.exe,0,3.024
242,2023-01-19 23:04:03.391,4,explorer.exe,0,3.025
243,2023-01-19 23:04:06.416,4,chrome.exe,0,43.356
244,2023-01-19 23:04:49.772,4,SearchHost.exe,0,6.075
245,2023-01-19 23:04:55.847,4,chrome.exe,0,5.049
246,2023-01-19 23:05:00.896,4,explorer.exe,0,12.135
247,2023-01-19 23:05:13.031,4,DB Browser for SQLite.exe,0,70.623
248,2023-01-19 23:06:23.654,4,explorer.exe,0,5.042
249,2023-01-19 23:06:28.696,4,chrome.exe,0,407.834
250,2023-01-19 23:13:16.530,4,SearchHost.exe,0,10.107
251,2023-01-19 23:13:26.637,4,ApplicationFrameHost.exe,0,21.193
252,2023-01-19 23:13:47.830,4,Spotify.exe,0,8.059
253,2023-01-19 23:13:55.889,4,chrome.exe,0,13.083
254,2023-01-19 23:14:08.972,4,Spotify.exe,0,9.082
255,2023-01-19 23:14:18.054,4,chrome.exe,0,3.023
256,2023-01-19 23:14:21.077,4,SearchHost.exe,0,7.054
257,2023-01-19 23:14:28.131,4,ApplicationFrameHost.exe,0,52.447
258,2023-01-19 23:15:20.578,4,chrome.exe,0,6.05
259,2023-01-19 23:15:26.628,4,ApplicationFrameHost.exe,0,4.043
260,2023-01-19 23:15:30.671,4,chrome.exe,0,5.047
261,2023-01-19 23:15:35.718,4,ApplicationFrameHost.exe,0,2.02
262,2023-01-19 23:15:37.738,4,chrome.exe,0,10.066
263,2023-01-19 23:15:47.804,4,ApplicationFrameHost.exe,0,203.786
264,2023-01-19 23:19:11.590,4,msedge.exe,0,43.408
265,2023-01-19 23:19:54.998,4,chrome.exe,0,3.036
266,2023-01-19 23:19:58.034,4,msedge.exe,0,15.15
267,2023-01-19 23:20:13.184,4,chrome.exe,0,4.04
268,2023-01-19 23:20:17.224,4,msedge.exe,0,18.185
269,2023-01-19 23:20:35.409,4,chrome.exe,0,5.025
270,2023-01-19 23:20:40.434,4,msedge.exe,0,4.029
271,2023-01-19 23:20:44.463,4,ApplicationFrameHost.exe,0,42.349
272,2023-01-19 23:21:26.812,4,Messenger.exe,0,4.036
273,2023-01-19 23:21:30.848,4,ApplicationFrameHost.exe,0,91.694
274,2023-01-19 23:23:02.542,4,chrome.exe,0,73.663
275,2023-01-19 23:24:16.205,4,msedge.exe,0,1.012
276,2023-01-19 23:24:17.217,4,chrome.exe,0,2.011
277,2023-01-19 23:24:19.228,4,ApplicationFrameHost.exe,0,6.191
278,2023-01-19 23:24:25.419,4,explorer.exe,0,2.027
279,2023-01-19 23:24:27.446,4,ApplicationFrameHost.exe,0,28.321
280,2023-01-19 23:24:55.767,4,chrome.exe,0,68.529
281,2023-01-19 23:26:04.296,4,msedge.exe,0,4.019
282,2023-01-19 23:26:08.315,4,ApplicationFrameHost.exe,0,25.161
283,2023-01-19 23:26:33.476,4,msedge.exe,0,11.103
284,2023-01-19 23:26:44.579,4,ApplicationFrameHost.exe,0,1003.707
285,2023-01-19 23:43:28.286,4,Teams.exe,0,1558.948
286,2023-01-20 00:09:27.234,4,Messenger.exe,0,8.081
287,2023-01-20 00:09:35.315,4,ApplicationFrameHost.exe,0,2.016
288,2023-01-20 00:09:37.331,4,Teams.exe,0,2.024
289,2023-01-20 00:09:39.355,4,ApplicationFrameHost.exe,0,6.068
290,2023-01-20 00:09:45.423,4,VsDebugConsole.exe,0,9.071
291,2023-01-20 00:09:54.494,4,ApplicationFrameHost.exe,0,2710.943
292,2023-01-20 00:55:05.437,4,explorer.exe,0,3.025
293,2023-01-20 00:55:08.462,4,VsDebugConsole.exe,0,2.021
294,2023-01-20 00:55:10.483,4,explorer.exe,0,3.024
295,2023-01-20 00:55:13.507,4,msedge.exe,0,11.116
296,2023-01-20 00:55:24.623,4,explorer.exe,0,2.023
297,2023-01-20 00:55:26.646,4,chrome.exe,0,36.329
298,2023-01-20 00:56:02.975,4,msedge.exe,0,5761.546
299,2023-01-20 02:32:04.521,4,explorer.exe,0,2.025
300,2023-01-20 02:32:06.546,4,VsDebugConsole.exe,0,2.006
301,2023-01-20 02:32:08.552,4,explorer.exe,0,2.015
302,2023-01-20 02:32:10.567,4,Spotify.exe,0,5.038
303,2023-01-20 02:32:15.605,4,explorer.exe,0,5.067
304,2023-01-20 02:32:20.672,4,chrome.exe,0,64.61
305,2023-01-20 02:33:25.282,4,explorer.exe,0,20.24
306,2023-01-20 02:33:45.522,4,chrome.exe,0,11.11
307,2023-01-20 02:33:56.632,4,chrome.exe,0,4.042
308,2023-01-20 02:34:00.674,4,chrome.exe,0,221.047
309,2023-01-20 02:37:41.721,4,Spotify.exe,0,3.028
310,2023-01-20 02:37:44.749,4,chrome.exe,0,157.101
311,2023-01-20 02:40:21.850,4,VsDebugConsole.exe,0,10.065
312,2023-01-20 02:40:31.915,4,chrome.exe,0,6.041
313,2023-01-20 02:40:37.956,4,msedge.exe,0,5.025
314,2023-01-20 02:40:42.981,4,chrome.exe,0,2.023
315,2023-01-20 02:40:45.004,4,msedge.exe,0,1.005
316,2023-01-20 02:40:46.009,4,VsDebugConsole.exe,0,2.025
317,2023-01-20 02:40:48.034,4,msedge.exe,0,89.75
318,2023-01-20 02:42:17.784,4,Messenger.exe,0,35.372
319,2023-01-20 02:42:53.156,4,msedge.exe,0,465.432
320,2023-01-20 02:50:38.588,4,Messenger.exe,0,55.542
321,2023-01-20 02:51:34.130,4,VsDebugConsole.exe,0,3.052
322,2023-01-20 02:51:37.182,4,Messenger.exe,0,7.043
323,2023-01-20 02:51:44.225,4,msedge.exe,0,119.161
324,2023-01-20 02:53:43.386,4,explorer.exe,0,4.038
325,2023-01-20 02:53:47.424,4,msedge.exe,0,5.045
326,2023-01-20 02:53:52.469,4,Messenger.exe,0,25.265
327,2023-01-20 02:54:17.734,4,msedge.exe,0,349.583
328,2023-01-20 03:00:07.317,4,MoNotificationUx.exe,0,650.674
329,2023-01-20 03:10:57.991,4,VsDebugConsole.exe,0,1.003
330,2023-01-20 03:10:58.994,4,msedge.exe,0,246.566
331,2023-01-20 03:15:05.560,4,MoNotificationUx.exe,0,610.404
332,2023-01-20 03:25:15.964,4,msedge.exe,0,4.043
333,2023-01-20 03:25:20.007,4,explorer.exe,0,1.012
334,2023-01-20 03:25:21.019,4,VsDebugConsole.exe,0,9.071
335,2023-01-20 03:25:30.090,4,explorer.exe,0,8.071
336,2023-01-20 03:25:38.161,4,Zoom.exe,0,5.035
337,2023-01-20 03:25:43.196,4,chrome.exe,0,13.094
338,2023-01-20 03:25:56.290,4,Zoom.exe,0,6.051
339,2023-01-20 03:26:02.341,4,Zoom.exe,0,11.098
340,2023-01-20 03:26:13.439,4,Zoom.exe,0,2.015
341,2023-01-20 03:26:15.454,4,Zoom.exe,0,70.715
342,2023-01-20 03:27:26.169,4,explorer.exe,0,18.172
343,2023-01-20 03:27:44.341,4,Teams.exe,0,11.083
344,2023-01-20 03:27:55.424,4,Zoom.exe,0,3.025
345,2023-01-20 03:27:58.449,4,ApplicationFrameHost.exe,0,3.005
346,2023-01-20 03:28:01.454,4,Zoom.exe,0,2.008
347,2023-01-20 03:28:03.462,4,DB Browser for SQLite.exe,0,12.131
348,2023-01-20 03:28:15.593,4,Zoom.exe,0,9.102
349,2023-01-20 03:28:24.695,4,chrome.exe,0,61.502
350,2023-01-20 03:29:26.197,4,explorer.exe,0,1.009
351,2023-01-20 03:29:27.206,4,Zoom.exe,0,167.671
352,2023-01-20 03:32:14.877,4,chrome.exe,0,23.231
353,2023-01-20 03:32:38.108,4,Zoom.exe,0,2.019
354,2023-01-20 03:32:40.127,4,Zoom.exe,0,2.016
355,2023-01-20 03:32:42.143,4,chrome.exe,0,12.125
356,2023-01-20 03:32:54.268,4,Zoom.exe,0,9.077
357,2023-01-20 03:33:03.345,4,Zoom.exe,0,36.36
358,2023-01-20 03:33:39.705,4,chrome.exe,0,2.016
359,2023-01-20 03:33:41.721,4,Zoom.exe,0,2.014
360,2023-01-20 03:33:43.735,4,Zoom.exe,0,3.022
361,2023-01-20 03:33:46.757,4,Zoom.exe,0,22.219
362,2023-01-20 03:34:08.976,4,VsDebugConsole.exe,0,12.109
363,2023-01-20 03:34:21.085,4,Zoom.exe,0,72.75
364,2023-01-20 03:35:33.835,4,explorer.exe,0,1.015
365,2023-01-20 03:35:34.850,4,chrome.exe,0,56.511
366,2023-01-20 03:36:31.361,4,ApplicationFrameHost.exe,0,2.012
367,2023-01-20 03:36:33.373,4,chrome.exe,0,377.396
368,2023-01-20 03:42:50.769,4,Zoom.exe,0,11.109
369,2023-01-20 03:43:01.878,4,chrome.exe,0,6.023
370,2023-01-20 03:43:07.901,4,chrome.exe,0,4.032
371,2023-01-20 03:43:11.933,4,chrome.exe,0,48.454
372,2023-01-20 03:44:00.387,4,explorer.exe,0,4.039
373,2023-01-20 03:44:04.426,4,chrome.exe,0,78.764
374,2023-01-20 03:45:23.190,4,VsDebugConsole.exe,0,3.03
375,2023-01-20 03:45:26.220,4,chrome.exe,0,70.611
376,2023-01-20 03:46:36.831,4,Zoom.exe,0,382.668
377,2023-01-20 03:52:59.499,4,chrome.exe,0,14.112
378,2023-01-20 03:53:13.611,4,Zoom.exe,0,53.484
379,2023-01-20 03:54:07.095,4,chrome.exe,0,24.263
380,2023-01-20 03:54:31.358,4,Zoom.exe,0,144.333
381,2023-01-20 03:56:55.691,4,Zoom.exe,0,4.023
382,2023-01-20 03:56:59.714,4,explorer.exe,0,6.031
383,2023-01-20 03:57:05.745,4,VsDebugConsole.exe,0,7.038
384,2023-01-20 03:57:12.783,4,explorer.exe,0,5.028
385,2023-01-20 03:57:17.811,4,Zoom.exe,0,4.021
386,2023-01-20 03:57:21.832,4,VsDebugConsole.exe,0,4.022
387,2023-01-20 03:57:25.854,4,explorer.exe,0,11.062
388,2023-01-20 03:57:36.916,4,cmd.exe,0,264.499
389,2023-01-20 04:02:01.415,4,cmd.exe,0,6.038
390,2023-01-20 04:02:07.453,4,chrome.exe,0,22.153
391,2023-01-20 04:02:29.606,4,cmd.exe,0,9.049
392,2023-01-20 04:02:38.655,4,cmd.exe,0,6.034
393,2023-01-20 04:02:44.689,4,Unable To Open Process,0,2.012
394,2023-01-20 04:02:46.701,4,cmd.exe,0,4.025
395,2023-01-20 04:02:50.726,4,explorer.exe,0,4.023
396,2023-01-20 04:02:54.749,4,devenv.exe,0,9.047
397,2023-01-20 04:03:03.796,4,explorer.exe,0,1.006
398,2023-01-20 04:03:04.802,4,VsDebugConsole.exe,0,0.0
399,2023-01-20 15:55:44.501,4,s0,0,0.0
400,2023-01-20 15:55:44.501,4,devenv.exe,0,6.029
401,2023-01-20 15:55:50.530,4,chrome.exe,0,18.127
402,2023-01-20 15:56:08.657,4,Docker Desktop.exe,0,1.013
403,2023-01-20 15:56:09.670,4,chrome.exe,0,1.009
404,2023-01-20 15:56:10.679,4,Messenger.exe,0,4.014
405,2023-01-20 15:56:14.693,4,chrome.exe,0,1.004
406,2023-01-20 15:56:15.697,4,Teams.exe,0,28.231
407,2023-01-20 15:56:43.928,4,chrome.exe,0,10.063
408,2023-01-20 15:56:53.991,4,SearchHost.exe,0,11.223
409,2023-01-20 15:57:05.214,4,cmd.exe,0,22.17
410,2023-01-20 15:57:27.384,4,chrome.exe,0,36.242
411,2023-01-20 15:58:03.626,4,explorer.exe,0,14.116
412,2023-01-20 15:58:17.742,4,chrome.exe,0,1.003
413,2023-01-20 15:58:18.745,4,cmd.exe,0,1.015
414,2023-01-20 15:58:19.760,4,explorer.exe,0,9.055
415,2023-01-20 15:58:28.815,4,cmd.exe,0,2.013
416,2023-01-20 15:58:30.828,4,explorer.exe,0,1.006
417,2023-01-20 15:58:31.834,4,cmd.exe,0,2.014
418,2023-01-20 15:58:33.848,4,devenv.exe,0,2.023
419,2023-01-20 15:58:35.871,4,VsDebugConsole.exe,0,0.0
420,2023-01-20 15:58:54.386,4,s0,0,0.0
421,2023-01-20 15:58:54.386,4,VsDebugConsole.exe,0,9.074
422,2023-01-20 15:59:03.460,4,devenv.exe,0,2.019
423,2023-01-20 15:59:05.479,4,cmd.exe,0,5.028
424,2023-01-20 15:59:10.507,4,explorer.exe,0,14.092
425,2023-01-20 15:59:24.599,4,DB Browser for SQLite.exe,0,54.363
426,2023-01-20 16:00:18.962,4,explorer.exe,0,3.02
427,2023-01-20 16:00:21.982,4,DB Browser for SQLite.exe,0,93.715
428,2023-01-20 16:01:55.697,4,explorer.exe,0,5.026
429,2023-01-20 16:02:00.723,4,chrome.exe,0,79.576
430,2023-01-20 16:03:20.299,4,explorer.exe,0,1.004
431,2023-01-20 16:03:21.303,4,DB Browser for SQLite.exe,0,11.077
432,2023-01-20 16:03:32.380,4,chrome.exe,0,39.313
433,2023-01-20 16:04:11.693,4,Spotify.exe,0,35.291
434,2023-01-20 16:04:46.984,4,chrome.exe,0,55.48
435,2023-01-20 16:05:42.464,4,explorer.exe,0,1.006
436,2023-01-20 16:05:43.470,4,DB Browser for SQLite.exe,0,8.074
437,2023-01-20 16:05:51.544,4,DB Browser for SQLite.exe,0,34.351
438,2023-01-20 16:06:25.895,4,DB Browser for SQLite.exe,0,3.019
439,2023-01-20 16:06:28.914,4,chrome.exe,0,128.165
440,2023-01-20 16:08:37.079,4,DB Browser for SQLite.exe,0,19.264
441,2023-01-20 16:08:56.343,4,chrome.exe,0,18.17
442,2023-01-20 16:09:14.513,4,DB Browser for SQLite.exe,0,41.501
443,2023-01-20 16:09:56.014,4,chrome.exe,0,123.299
444,2023-01-20 16:11:59.313,4,devenv.exe,0,41.47
445,2023-01-20 16:12:40.783,4,chrome.exe,0,119.09
446,2023-01-20 16:14:39.873,4,devenv.exe,0,104.221
447,2023-01-20 16:16:24.094,4,VsDebugConsole.exe,0,0.0
448,2023-01-20 16:17:29.783,4,s0,0,0.0
449,2023-01-20 16:17:29.783,4,VsDebugConsole.exe,0,4.065
450,2023-01-20 16:17:33.848,4,devenv.exe,0,20.215
451,2023-01-20 16:17:54.063,4,VsDebugConsole.exe,0,0.0
452,2023-01-20 16:18:07.473,4,s0,0,0.0
453,2023-01-20 16:18:07.473,4,VsDebugConsole.exe,0,7.07
454,2023-01-20 16:18:14.543,4,devenv.exe,0,1.01
455,2023-01-20 16:18:15.553,4,chrome.exe,0,2.006
456,2023-01-20 16:18:17.559,4,explorer.exe,0,7.064
457,2023-01-20 16:18:24.623,4,DB Browser for SQLite.exe,0,13.151
458,2023-01-20 16:18:37.774,4,explorer.exe,0,1.009
459,2023-01-20 16:18:38.783,4,DB Browser for SQLite.exe,0,4.031
460,2023-01-20 16:18:42.814,4,explorer.exe,0,2.035
461,2023-01-20 16:18:44.849,4,DB Browser for SQLite.exe,0,3.034
462,2023-01-20 16:18:47.883,4,explorer.exe,0,1.01
463,2023-01-20 16:18:48.893,4,DB Browser for SQLite.exe,0,3.04
464,2023-01-20 16:18:51.933,4,explorer.exe,0,2.02
465,2023-01-20 16:18:53.953,4,DB Browser for SQLite.exe,0,1.02
466,2023-01-20 16:18:54.973,4,explorer.exe,0,1.02
467,2023-01-20 16:18:55.993,4,VsDebugConsole.exe,0,0.0
468,2023-01-20 16:19:05.683,4,s0,0,0.0
469,2023-01-20 16:19:05.683,4,VsDebugConsole.exe,0,2.02
470,2023-01-20 16:19:07.703,4,devenv.exe,0,3.03
471,2023-01-20 16:19:10.733,4,explorer.exe,0,10.08
472,2023-01-20 16:19:20.813,4,DB Browser for SQLite.exe,0,37.93
473,2023-01-20 16:19:58.743,4,explorer.exe,0,5.05
474,2023-01-20 16:20:03.793,4,DB Browser for SQLite.exe,0,4.052
475,2023-01-20 16:20:07.845,4,explorer.exe,0,6.08
476,2023-01-20 16:20:13.925,4,DB Browser for SQLite.exe,0,2.016
477,2023-01-20 16:20:15.941,4,explorer.exe,0,3.032
478,2023-01-20 16:20:18.973,4,VsDebugConsole.exe,0,0.0
479,2023-01-20 16:22:42.343,4,s0,0,0.0
480,2023-01-20 16:22:42.343,4,VsDebugConsole.exe,0,4.04
481,2023-01-20 16:22:46.383,4,devenv.exe,0,4.07
482,2023-01-20 16:22:50.453,4,explorer.exe,0,40.45
483,2023-01-20 16:23:30.903,4,VsDebugConsole.exe,0,7.066
484,2023-01-20 16:23:37.969,4,explorer.exe,0,5.061
485,2023-01-20 16:23:43.030,4,VsDebugConsole.exe,0,2.023
486,2023-01-20 16:23:45.053,4,explorer.exe,0,2.04
487,2023-01-20 16:23:47.093,4,VsDebugConsole.exe,0,4.06
488,2023-01-20 16:23:51.153,4,explorer.exe,0,5.096
489,2023-01-20 16:23:56.249,4,VsDebugConsole.exe,0,2.018
490,2023-01-20 16:23:58.267,4,explorer.exe,0,3.046
491,2023-01-20 16:24:01.313,4,VsDebugConsole.exe,0,2.02
492,2023-01-20 16:24:03.333,4,explorer.exe,0,4.07
493,2023-01-20 16:24:07.403,4,VsDebugConsole.exe,0,0.0
494,2023-01-20 16:25:12.099,4,s0,0,0.0
495,2023-01-20 16:25:12.099,4,VsDebugConsole.exe,0,3.024
496,2023-01-20 16:25:15.123,4,devenv.exe,0,2.02
497,2023-01-20 16:25:17.143,4,explorer.exe,0,3.13
498,2023-01-20 16:25:20.273,4,Messenger.exe,0,45.45
499,2023-01-20 16:26:05.723,4,explorer.exe,0,6.045
500,2023-01-20 16:26:11.768,4,chrome.exe,0,10.076
501,2023-01-20 16:26:21.844,4,explorer.exe,0,6.079
502,2023-01-20 16:26:27.923,4,DB Browser for SQLite.exe,0,27.27
503,2023-01-20 16:26:55.193,4,chrome.exe,0,1.01
504,2023-01-20 16:26:56.203,4,explorer.exe,0,5.04
505,2023-01-20 16:27:01.243,4,DB Browser for SQLite.exe,0,20.212
506,2023-01-20 16:27:21.455,4,chrome.exe,0,221.874
507,2023-01-20 16:31:03.329,4,ShellExperienceHost.exe,0,1.013
508,2023-01-20 16:31:04.342,4,Messenger.exe,0,185.731
509,2023-01-20 16:34:10.073,4,chrome.exe,0,3.026
510,2023-01-20 16:34:13.099,4,Messenger.exe,0,123.102
511,2023-01-20 16:36:16.201,4,chrome.exe,0,41.391
512,2023-01-20 16:36:57.592,4,Messenger.exe,0,56.554
513,2023-01-20 16:37:54.146,4,DB Browser for SQLite.exe,0,44.526
514,2023-01-20 16:38:38.672,4,Messenger.exe,0,93.146
515,2023-01-20 16:40:11.818,4,chrome.exe,0,14.134
516,2023-01-20 16:40:25.952,4,Messenger.exe,0,31.351
517,2023-01-20 16:40:57.303,4,chrome.exe,0,46.449
518,2023-01-20 16:41:43.752,4,devenv.exe,0,78.8
519,2023-01-20 16:43:02.552,4,chrome.exe,0,35.3
520,2023-01-20 16:43:37.852,4,Messenger.exe,0,10.091
521,2023-01-20 16:43:47.943,4,chrome.exe,0,10.107
522,2023-01-20 16:43:58.050,4,Messenger.exe,0,2.032
523,2023-01-20 16:44:00.082,4,DB Browser for SQLite.exe,0,5.07
524,2023-01-20 16:44:05.152,4,OneDrive.exe,0,8.07
525,2023-01-20 16:44:13.222,4,DB Browser for SQLite.exe,0,3.05
526,2023-01-20 16:44:16.272,4,explorer.exe,0,21.29
527,2023-01-20 16:44:37.562,4,chrome.exe,0,18.179
528,2023-01-20 16:44:55.741,4,ShellExperienceHost.exe,0,9.077
529,2023-01-20 16:45:04.818,4,chrome.exe,0,30.364
530,2023-01-20 16:45:35.182,4,explorer.exe,0,22.22
531,2023-01-20 16:45:57.402,4,chrome.exe,0,4.02
532,2023-01-20 16:46:01.422,4,Messenger.exe,0,28.345
533,2023-01-20 16:46:29.767,4,chrome.exe,0,31.2
534,2023-01-20 16:47:00.967,4,Messenger.exe,0,2.122
535,2023-01-20 16:47:03.089,4,explorer.exe,0,12.153
536,2023-01-20 16:47:15.242,4,DB Browser for SQLite.exe,0,11.113
537,2023-01-20 16:47:26.355,4,explorer.exe,0,2.027
538,2023-01-20 16:47:28.382,4,DB Browser for SQLite.exe,0,52.61
539,2023-01-20 16:48:20.992,4,chrome.exe,0,37.324
540,2023-01-20 16:48:58.316,4,DB Browser for SQLite.exe,0,103.236
541,2023-01-20 16:50:41.552,4,explorer.exe,0,9.151
542,2023-01-20 16:50:50.703,4,DB Browser for SQLite.exe,0,15.149
543,2023-01-20 16:51:05.852,4,explorer.exe,0,3.028
544,2023-01-20 16:51:08.880,4,chrome.exe,0,138.211
545,2023-01-20 16:53:27.091,4,devenv.exe,0,92.051
546,2023-01-20 16:54:59.142,4,chrome.exe,0,15.09
547,2023-01-20 16:55:14.232,4,devenv.exe,0,191.199
548,2023-01-20 16:58:25.431,4,chrome.exe,0,49.389
549,2023-01-20 16:59:14.820,4,devenv.exe,0,2.019
550,2023-01-20 16:59:16.839,4,explorer.exe,0,1.004
551,2023-01-20 16:59:17.843,4,chrome.exe,0,2.019
552,2023-01-20 16:59:19.862,4,devenv.exe,0,41.406
553,2023-01-20 17:00:01.268,4,chrome.exe,0,160.433
554,2023-01-20 17:02:41.701,4,devenv.exe,0,102.25
555,2023-01-20 17:04:23.951,4,chrome.exe,0,28.261
556,2023-01-20 17:04:52.212,4,devenv.exe,0,65.695
557,2023-01-20 17:05:57.907,4,explorer.exe,0,3.044
558,2023-01-20 17:06:00.951,4,chrome.exe,0,5.05
559,2023-01-20 17:06:06.001,4,devenv.exe,0,9.06
560,2023-01-20 17:06:15.061,4,chrome.exe,0,60.361
561,2023-01-20 17:07:15.422,4,devenv.exe,0,38.379
562,2023-01-20 17:07:53.801,4,chrome.exe,0,456.196
563,2023-01-20 17:15:29.997,4,Messenger.exe,0,49.665
564,2023-01-20 17:16:19.662,4,chrome.exe,0,9.075
565,2023-01-20 17:16:28.737,4,ApplicationFrameHost.exe,0,3.034
566,2023-01-20 17:16:31.771,4,explorer.exe,0,1.012
567,2023-01-20 17:16:32.783,4,SearchHost.exe,0,4.041
568,2023-01-20 17:16:36.824,4,ApplicationFrameHost.exe,0,17.254
569,2023-01-20 17:16:54.078,4,chrome.exe,0,321.999
570,2023-01-20 17:22:16.077,4,explorer.exe,0,39.274
571,2023-01-20 17:22:55.351,4,chrome.exe,0,18.13
572,2023-01-20 17:23:13.481,4,ApplicationFrameHost.exe,0,2.01
573,2023-01-20 17:23:15.491,4,devenv.exe,0,1.013
574,2023-01-20 17:23:16.504,4,ApplicationFrameHost.exe,0,2.022
575,2023-01-20 17:23:18.526,4,chrome.exe,0,2.035
576,2023-01-20 17:23:20.561,4,explorer.exe,0,64.671
577,2023-01-20 17:24:25.232,4,DB Browser for SQLite.exe,0,35.349
578,2023-01-20 17:25:00.581,4,explorer.exe,0,2.04
579,2023-01-20 17:25:02.621,4,DB Browser for SQLite.exe,0,5.05
580,2023-01-20 17:25:07.671,4,explorer.exe,0,7.06
581,2023-01-20 17:25:14.731,4,DB Browser for SQLite.exe,0,21.27
582,2023-01-20 17:25:36.001,4,explorer.exe,0,3.03
583,2023-01-20 17:25:39.031,4,DB Browser for SQLite.exe,0,7.07
584,2023-01-20 17:25:46.101,4,explorer.exe,0,3.02
585,2023-01-20 17:25:49.121,4,DB Browser for SQLite.exe,0,2.021
586,2023-01-20 17:25:51.142,4,explorer.exe,0,3.029
587,2023-01-20 17:25:54.171,4,DB Browser for SQLite.exe,0,28.37
588,2023-01-20 17:26:22.541,4,explorer.exe,0,3.034
589,2023-01-20 17:26:25.575,4,DB Browser for SQLite.exe,0,18.17
590,2023-01-20 17:26:43.745,4,explorer.exe,0,2.016
591,2023-01-20 17:26:45.761,4,DB Browser for SQLite.exe,0,11.08
592,2023-01-20 17:26:56.841,4,explorer.exe,0,3.15
593,2023-01-20 17:26:59.991,4,DB Browser for SQLite.exe,0,23.201
594,2023-01-20 17:27:23.192,4,explorer.exe,0,2.018
595,2023-01-20 17:27:25.210,4,DB Browser for SQLite.exe,0,11.101
596,2023-01-20 17:27:36.311,4,explorer.exe,0,2.03
597,2023-01-20 17:27:38.341,4,DB Browser for SQLite.exe,0,19.2
598,2023-01-20 17:27:57.541,4,explorer.exe,0,4.05
599,2023-01-20 17:28:01.591,4,DB Browser for SQLite.exe,0,14.13
600,2023-01-20 17:28:15.721,4,explorer.exe,0,2.019
601,2023-01-20 17:28:17.740,4,DB Browser for SQLite.exe,0,8.111
602,2023-01-20 17:28:25.851,4,explorer.exe,0,2.011
603,2023-01-20 17:28:27.862,4,DB Browser for SQLite.exe,0,7.069
604,2023-01-20 17:28:34.931,4,explorer.exe,0,2.02
605,2023-01-20 17:28:36.951,4,DB Browser for SQLite.exe,0,6.037
606,2023-01-20 17:28:42.988,4,explorer.exe,0,2.02
607,2023-01-20 17:28:45.008,4,DB Browser for SQLite.exe,0,20.243
608,2023-01-20 17:29:05.251,4,explorer.exe,0,5.063
609,2023-01-20 17:29:10.314,4,DB Browser for SQLite.exe,0,25.281
610,2023-01-20 17:29:35.595,4,explorer.exe,0,3.046
611,2023-01-20 17:29:38.641,4,chrome.exe,0,42.36
612,2023-01-20 17:30:21.001,4,explorer.exe,0,4.05
613,2023-01-20 17:30:25.051,4,DB Browser for SQLite.exe,0,18.219
614,2023-01-20 17:30:43.270,4,explorer.exe,0,2.021
615,2023-01-20 17:30:45.291,4,DB Browser for SQLite.exe,0,123.46
616,2023-01-20 17:32:48.751,4,explorer.exe,0,2.021
617,2023-01-20 17:32:50.772,4,Messenger.exe,0,10.105
618,2023-01-20 17:33:00.877,4,chrome.exe,0,43.433
619,2023-01-20 17:33:44.310,4,cmd.exe,0,2.013
620,2023-01-20 17:33:46.323,4,chrome.exe,0,34.223
621,2023-01-20 17:34:20.546,4,cmd.exe,0,11.129
622,2023-01-20 17:34:31.675,4,chrome.exe,0,116.985
623,2023-01-20 17:36:28.660,4,explorer.exe,0,14.156
624,2023-01-20 17:36:42.816,4,DB Browser for SQLite.exe,0,2.014
625,2023-01-20 17:36:44.830,4,chrome.exe,0,3.037
626,2023-01-20 17:36:47.867,4,DB Browser for SQLite.exe,0,5.053
627,2023-01-20 17:36:52.920,4,chrome.exe,0,1.02
628,2023-01-20 17:36:53.940,4,explorer.exe,0,3.06
629,2023-01-20 17:36:57.000,4,DB Browser for SQLite.exe,0,229.79
630,2023-01-20 17:40:46.790,4,chrome.exe,0,30.27
631,2023-01-20 17:41:17.060,4,DB Browser for SQLite.exe,0,14.15
632,2023-01-20 17:41:31.210,4,chrome.exe,0,23.25
633,2023-01-20 17:41:54.460,4,DB Browser for SQLite.exe,0,12.151
634,2023-01-20 17:42:06.611,4,chrome.exe,0,64.569
635,2023-01-20 17:43:11.180,4,cmd.exe,0,7.053
636,2023-01-20 17:43:18.233,4,chrome.exe,0,2.027
637,2023-01-20 17:43:20.260,4,DB Browser for SQLite.exe,0,10.091
638,2023-01-20 17:43:30.351,4,chrome.exe,0,7.059
639,2023-01-20 17:43:37.410,4,cmd.exe,0,4.024
640,2023-01-20 17:43:41.434,4,chrome.exe,0,201.056
641,2023-01-20 17:47:02.490,4,winzip64.exe,0,3.025
642,2023-01-20 17:47:05.515,4,chrome.exe,0,47.305
643,2023-01-20 17:47:52.820,4,explorer.exe,0,21.22
644,2023-01-20 17:48:14.040,4,chrome.exe,0,52.53
645,2023-01-20 17:49:06.570,4,SearchHost.exe,0,2.019
646,2023-01-20 17:49:08.589,4,cmd.exe,0,311.91
647,2023-01-20 17:54:20.499,4,chrome.exe,0,32.281
648,2023-01-20 17:54:52.780,4,ApplicationFrameHost.exe,0,3.02
649,2023-01-20 17:54:55.800,4,ScreenClippingHost.exe,0,16.27
650,2023-01-20 17:55:12.070,4,ApplicationFrameHost.exe,0,10.12
651,2023-01-20 17:55:22.190,4,PickerHost.exe,0,18.19
652,2023-01-20 17:55:40.380,4,ApplicationFrameHost.exe,0,7.095
653,2023-01-20 17:55:47.475,4,chrome.exe,0,94.8
654,2023-01-20 17:57:22.275,4,Messenger.exe,0,409.126
655,2023-01-20 18:04:11.401,4,chrome.exe,0,112.808
656,2023-01-20 18:06:04.209,4,ApplicationFrameHost.exe,0,2.013
657,2023-01-20 18:06:06.222,4,cmd.exe,0,7.127
658,2023-01-20 18:06:13.349,4,cmd.exe,0,4.05
659,2023-01-20 18:06:17.399,4,explorer.exe,0,2.04
660,2023-01-20 18:06:19.439,4,VsDebugConsole.exe,0,1.021
661,2023-01-20 18:06:20.460,4,explorer.exe,0,2.024
662,2023-01-20 18:06:22.484,4,Messenger.exe,0,5.065
663,2023-01-20 18:06:27.549,4,Spotify.exe,0,9.084
664,2023-01-20 18:06:36.633,4,explorer.exe,0,9.226
665,2023-01-20 18:06:45.859,4,Messenger.exe,0,266.58
666,2023-01-20 18:11:12.439,4,chrome.exe,0,34.284
667,2023-01-20 18:11:46.723,4,Messenger.exe,0,4.038
668,2023-01-20 18:11:50.761,4,chrome.exe,0,61.419
669,2023-01-20 18:12:52.180,4,Messenger.exe,0,24.199
670,2023-01-20 18:13:16.379,4,Teams.exe,0,5.041
671,2023-01-20 18:13:21.420,4,Messenger.exe,0,15.096
672,2023-01-20 18:13:36.516,4,chrome.exe,0,1.013
673,2023-01-20 18:13:37.529,4,explorer.exe,0,6.057
674,2023-01-20 18:13:43.586,4,chrome.exe,0,205.713
675,2023-01-20 18:17:09.299,4,explorer.exe,0,3.044
676,2023-01-20 18:17:12.343,4,Spotify.exe,0,7.056
677,2023-01-20 18:17:19.399,4,Messenger.exe,0,107.039
678,2023-01-20 18:19:06.438,4,Spotify.exe,0,2.137
679,2023-01-20 18:19:08.575,4,explorer.exe,0,2.029
680,2023-01-20 18:19:10.604,4,Messenger.exe,0,1.014
681,2023-01-20 18:19:11.618,4,Teams.exe,0,5.052
682,2023-01-20 18:19:16.670,4,Messenger.exe,0,44.522
683,2023-01-20 18:20:01.192,4,devenv.exe,0,10.114
684,2023-01-20 18:20:11.306,4,Messenger.exe,0,16.12
685,2023-01-20 18:20:27.426,4,chrome.exe,0,118.968
686,2023-01-20 18:22:26.394,4,VsDebugConsole.exe,0,3.009
687,2023-01-20 18:22:29.403,4,chrome.exe,0,112.026
688,2023-01-20 18:24:21.429,4,ShellExperienceHost.exe,0,1.011
689,2023-01-20 18:24:22.440,4,Messenger.exe,0,11.104
690,2023-01-20 18:24:33.544,4,chrome.exe,0,118.956
691,2023-01-20 18:26:32.500,4,Messenger.exe,0,12.241
692,2023-01-20 18:26:44.741,4,chrome.exe,0,76.607
693,2023-01-20 18:28:01.348,4,Messenger.exe,0,11.094
694,2023-01-20 18:28:12.442,4,ShellExperienceHost.exe,0,1.002
695,2023-01-20 18:28:13.444,4,Messenger.exe,0,279.964
696,2023-01-20 18:32:53.408,4,explorer.exe,0,1.012
697,2023-01-20 18:32:54.420,4,chrome.exe,0,33.243
698,2023-01-20 18:33:27.663,4,Messenger.exe,0,8.075
699,2023-01-20 18:33:35.738,4,chrome.exe,0,1.0
700,2023-01-20 18:33:36.738,4,explorer.exe,0,5.069
701,2023-01-20 18:33:41.807,4,Messenger.exe,0,4.171
702,2023-01-20 18:33:45.978,4,explorer.exe,0,18.173
703,2023-01-20 18:34:04.151,4,chrome.exe,0,25.231
704,2023-01-20 18:34:29.382,4,SearchHost.exe,0,3.022
705,2023-01-20 18:34:32.404,4,ApplicationFrameHost.exe,0,23.205
706,2023-01-20 18:34:55.609,4,msiexec.exe,0,34.321
707,2023-01-20 18:35:29.930,4,chrome.exe,0,5.042
708,2023-01-20 18:35:34.972,4,msiexec.exe,0,4.034
709,2023-01-20 18:35:39.006,4,chrome.exe,0,4.045
710,2023-01-20 18:35:43.051,4,ApplicationFrameHost.exe,0,3.022
711,2023-01-20 18:35:46.073,4,chrome.exe,0,20.192
712,2023-01-20 18:36:06.265,4,Messenger.exe,0,23.212
713,2023-01-20 18:36:29.477,4,chrome.exe,0,105.978
714,2023-01-20 18:38:15.455,4,Messenger.exe,0,6.16
715,2023-01-20 18:38:21.615,4,chrome.exe,0,69.669
716,2023-01-20 18:39:31.284,4,Messenger.exe,0,4.033
717,2023-01-20 18:39:35.317,4,chrome.exe,0,271.673
718,2023-01-20 18:44:06.990,4,MoNotificationUx.exe,0,1.004
719,2023-01-20 18:44:07.994,4,chrome.exe,0,657.98
720,2023-01-20 18:55:05.974,4,explorer.exe,0,2.02
721,2023-01-20 18:55:07.994,4,chrome.exe,0,224.074
722,2023-01-20 18:58:52.068,4,explorer.exe,0,41.429
723,2023-01-20 18:59:33.497,4,Teams.exe,0,1.011
724,2023-01-20 18:59:34.508,4,explorer.exe,0,50.554
725,2023-01-20 19:00:25.062,4,Teams.exe,0,18.141
726,2023-01-20 19:00:43.203,4,chrome.exe,0,10.115
727,2023-01-20 19:00:53.318,4,Teams.exe,0,13.113
728,2023-01-20 19:01:06.431,4,rundll32.exe,0,2.123
729,2023-01-20 19:01:08.554,4,Teams.exe,0,18.152
730,2023-01-20 19:01:26.706,4,chrome.exe,0,1.014
731,2023-01-20 19:01:27.720,4,Teams.exe,0,2250.695
732,2023-01-20 19:38:58.415,4,explorer.exe,0,9.09
733,2023-01-20 19:39:07.505,4,Teams.exe,0,420.988
734,2023-01-20 19:46:08.493,4,Messenger.exe,0,18.175
735,2023-01-20 19:46:26.668,4,Teams.exe,0,49.415
736,2023-01-20 19:47:16.083,4,Messenger.exe,0,26.284
737,2023-01-20 19:47:42.367,4,Teams.exe,0,15.151
738,2023-01-20 19:47:57.518,4,ShellExperienceHost.exe,0,2.011
739,2023-01-20 19:47:59.529,4,Messenger.exe,0,15.14
740,2023-01-20 19:48:14.669,4,Teams.exe,0,25.223
741,2023-01-20 19:48:39.892,4,Messenger.exe,0,16.143
742,2023-01-20 19:48:56.035,4,Teams.exe,0,94.865
743,2023-01-20 19:50:30.900,4,ShellExperienceHost.exe,0,24.24
744,2023-01-20 19:50:55.140,4,Messenger.exe,0,13.15
745,2023-01-20 19:51:08.290,4,Teams.exe,0,306.742
746,2023-01-20 19:56:15.032,4,chrome.exe,0,69.626
747,2023-01-20 19:57:24.658,4,Teams.exe,0,84.815
748,2023-01-20 19:58:49.473,4,Messenger.exe,0,118.175
749,2023-01-20 20:00:47.648,4,Teams.exe,0,48.434
750,2023-01-20 20:01:36.082,4,Messenger.exe,0,32.287
751,2023-01-20 20:02:08.369,4,Teams.exe,0,12.105
752,2023-01-20 20:02:20.474,4,Messenger.exe,0,1.526
753,2023-01-20 20:02:22.000,4,Teams.exe,0,4.042
754,2023-01-20 20:02:26.042,4,VsDebugConsole.exe,0,1.002
755,2023-01-20 20:02:27.044,4,Teams.exe,0,11.093
756,2023-01-20 20:02:38.137,4,Docker Desktop.exe,0,3.037
757,2023-01-20 20:02:41.174,4,Teams.exe,0,2.019
758,2023-01-20 20:02:43.193,4,Messenger.exe,0,3.038
759,2023-01-20 20:02:46.231,4,Teams.exe,0,595.7
760,2023-01-20 20:12:41.931,4,Messenger.exe,0,6.042
761,2023-01-20 20:12:47.973,4,Teams.exe,0,342.112
762,2023-01-20 20:18:30.085,4,explorer.exe,0,7.059
763,2023-01-20 20:18:37.144,4,DB Browser for SQLite.exe,0,25.243
764,2023-01-20 20:19:02.387,4,explorer.exe,0,2.018
765,2023-01-20 20:19:04.405,4,Teams.exe,0,232.13
766,2023-01-20 20:22:56.535,4,chrome.exe,0,152.021
767,2023-01-20 20:25:28.556,4,ShellExperienceHost.exe,0,2.025
768,2023-01-20 20:25:30.581,4,Messenger.exe,0,8.048
769,2023-01-20 20:25:38.629,4,chrome.exe,0,3.027
770,2023-01-20 20:25:41.656,4,explorer.exe,0,3.02
771,2023-01-20 20:25:44.676,4,DB Browser for SQLite.exe,0,2.011
772,2023-01-20 20:25:46.687,4,explorer.exe,0,7.041
773,2023-01-20 20:25:53.728,4,Messenger.exe,0,21.102
774,2023-01-20 20:26:14.830,4,explorer.exe,0,4.022
775,2023-01-20 20:26:18.852,4,VsDebugConsole.exe,0,0.0
776,2023-01-21 04:11:20.393,4,s0,0,0.0
777,2023-01-21 04:11:20.393,4,VsDebugConsole.exe,0,7.037
778,2023-01-21 04:11:27.430,4,devenv.exe,0,1.002
779,2023-01-21 04:11:28.432,4,explorer.exe,0,73.487
780,2023-01-21 04:12:41.919,4,Messenger.exe,0,28.162
781,2023-01-21 04:13:10.081,4,explorer.exe,0,74.547
782,2023-01-21 04:14:24.628,4,chrome.exe,0,175.33
783,2023-01-21 04:17:19.958,4,Messenger.exe,0,9.078
784,2023-01-21 04:17:29.036,4,chrome.exe,0,1896.824
785,2023-01-21 04:49:05.860,4,Messenger.exe,0,8.066
786,2023-01-21 04:49:13.926,4,chrome.exe,0,744.294
787,2023-01-21 05:01:38.220,4,Messenger.exe,0,2.02
788,2023-01-21 05:01:40.240,4,chrome.exe,0,44.301
789,2023-01-21 05:02:24.541,4,SearchHost.exe,0,6.055
790,2023-01-21 05:02:30.596,4,msedge.exe,0,107.93
791,2023-01-21 05:04:18.526,4,chrome.exe,0,3.035
792,2023-01-21 05:04:21.561,4,Messenger.exe,0,2.01
793,2023-01-21 05:04:23.571,4,explorer.exe,0,19.125
794,2023-01-21 05:04:42.696,4,Messenger.exe,0,74.409
795,2023-01-21 05:05:57.105,4,chrome.exe,0,40.353
796,2023-01-21 05:06:37.458,4,Messenger.exe,0,4.03
797,2023-01-21 05:06:41.488,4,explorer.exe,0,120.746
798,2023-01-21 05:08:42.234,4,VsDebugConsole.exe,0,0.0
799,2023-01-21 23:02:39.588,4,s0,0,0.0
800,2023-01-21 23:02:39.588,4,VsDebugConsole.exe,0,3.023
801,2023-01-21 23:02:42.611,4,devenv.exe,0,2.003
802,2023-01-21 23:02:44.614,4,explorer.exe,0,16.116
803,2023-01-21 23:03:00.730,4,chrome.exe,0,1297.593
804,2023-01-21 23:24:38.323,4,explorer.exe,0,9.084
805,2023-01-21 23:24:47.407,4,chrome.exe,0,138.009
806,2023-01-21 23:27:05.416,4,Messenger.exe,0,11.083
807,2023-01-21 23:27:16.499,4,chrome.exe,0,75.608
808,2023-01-21 23:28:32.107,4,ApplicationFrameHost.exe,0,7.066
809,2023-01-21 23:28:39.173,4,chrome.exe,0,88.73
810,2023-01-21 23:30:07.903,4,Messenger.exe,0,4.035
811,2023-01-21 23:30:11.938,4,chrome.exe,0,1134.387
812,2023-01-21 23:49:06.325,4,Messenger.exe,0,3.022
813,2023-01-21 23:49:09.347,4,chrome.exe,0,106.808
814,2023-01-21 23:50:56.155,4,explorer.exe,0,28.158
815,2023-01-21 23:51:24.313,4,Teams.exe,0,2.009
816,2023-01-21 23:51:26.322,4,explorer.exe,0,42.303
817,2023-01-21 23:52:08.625,4,Teams.exe,0,1.007
818,2023-01-21 23:52:09.632,4,explorer.exe,0,60.485
819,2023-01-21 23:53:10.117,4,Teams.exe,0,34.315
820,2023-01-21 23:53:44.432,4,explorer.exe,0,5.06
821,2023-01-21 23:53:49.492,4,chrome.exe,0,1862.435
822,2023-01-22 00:24:51.927,4,msedge.exe,0,20.166
823,2023-01-22 00:25:12.093,4,chrome.exe,0,5.025
824,2023-01-22 00:25:17.118,4,explorer.exe,0,3.017
825,2023-01-22 00:25:20.135,4,DB Browser for SQLite.exe,0,5.039
826,2023-01-22 00:25:25.174,4,explorer.exe,0,30.194
827,2023-01-22 00:25:55.368,4,Messenger.exe,0,21.112
828,2023-01-22 00:26:16.480,4,explorer.exe,0,8.043
829,2023-01-22 00:26:24.523,4,VsDebugConsole.exe,0,0.0
830,2023-01-22 14:51:24.316,4,s0,0,0.0
831,2023-01-22 14:51:24.316,4,VsDebugConsole.exe,0,4.024
832,2023-01-22 14:51:28.340,4,devenv.exe,0,2.02
833,2023-01-22 14:51:30.360,4,explorer.exe,0,4.022
834,2023-01-22 14:51:34.382,4,chrome.exe,0,1540.459
835,2023-01-22 15:17:14.841,4,explorer.exe,0,16.161
836,2023-01-22 15:17:31.002,4,DB Browser for SQLite.exe,0,242.667
837,2023-01-22 15:21:33.669,4,explorer.exe,0,1.005
838,2023-01-22 15:21:34.674,4,VsDebugConsole.exe,0,2.012
839,2023-01-22 15:21:36.686,4,explorer.exe,0,10.055
840,2023-01-22 15:21:46.741,4,chrome.exe,0,1042.782
841,2023-01-22 15:39:09.523,4,explorer.exe,0,5.041
842,2023-01-22 15:39:14.564,4,chrome.exe,0,8370.358
843,2023-01-22 17:58:44.922,4,explorer.exe,0,3.024
844,2023-01-22 17:58:47.946,4,Messenger.exe,0,273.472
845,2023-01-22 18:03:21.418,4,chrome.exe,0,108.711
846,2023-01-22 18:05:10.129,4,Messenger.exe,0,49.258
847,2023-01-22 18:05:59.387,4,chrome.exe,0,24.172
848,2023-01-22 18:06:23.559,4,explorer.exe,0,14.11
849,2023-01-22 18:06:37.669,4,SearchHost.exe,0,5.037
850,2023-01-22 18:06:42.706,4,explorer.exe,0,1.006
851,2023-01-22 18:06:43.712,4,Messenger.exe,0,20.106
852,2023-01-22 18:07:03.818,4,ShellExperienceHost.exe,0,2.011
853,2023-01-22 18:07:05.829,4,explorer.exe,0,5.025
854,2023-01-22 18:07:10.854,4,ShellExperienceHost.exe,0,1.007
855,2023-01-22 18:07:11.861,4,explorer.exe,0,1.006
856,2023-01-22 18:07:12.867,4,Messenger.exe,0,12.072
857,2023-01-22 18:07:24.939,4,explorer.exe,0,2.009
858,2023-01-22 18:07:26.948,4,chrome.exe,0,4703.125
859,2023-01-22 19:25:50.073,4,explorer.exe,0,3.029
860,2023-01-22 19:25:53.102,4,Messenger.exe,0,2.015
861,2023-01-22 19:25:55.117,4,chrome.exe,0,3.023
862,2023-01-22 19:25:58.140,4,SearchHost.exe,0,3.037
863,2023-01-22 19:26:01.177,4,ApplicationFrameHost.exe,0,17.193
864,2023-01-22 19:26:18.370,4,chrome.exe,0,1533.276
865,2023-01-22 19:51:51.646,4,VsDebugConsole.exe,0,2.026
866,2023-01-22 19:51:53.672,4,chrome.exe,0,2758.655
867,2023-01-22 20:37:52.327,4,SearchHost.exe,0,3.023
868,2023-01-22 20:37:55.350,4,chrome.exe,0,593.416
869,2023-01-22 20:47:48.766,4,SearchHost.exe,0,3.135
870,2023-01-22 20:47:51.901,4,chrome.exe,0,3757.708
871,2023-01-22 21:50:29.609,4,Messenger.exe,0,33.292
872,2023-01-22 21:51:02.901,4,chrome.exe,0,1431.171
873,2023-01-22 22:14:54.072,4,VsDebugConsole.exe,0,2.012
874,2023-01-22 22:14:56.084,4,conhost.exe,0,5.043
875,2023-01-22 22:15:01.127,4,VsDebugConsole.exe,0,0.0
876,2023-01-23 00:41:07.866,4,s0,0,0.0
877,2023-01-23 00:41:07.866,4,VsDebugConsole.exe,0,6.035
878,2023-01-23 00:41:13.901,4,devenv.exe,0,1.005
879,2023-01-23 00:41:14.906,4,chrome.exe,0,3.017
880,2023-01-23 00:41:17.923,4,Messenger.exe,0,933.342
881,2023-01-23 00:56:51.265,4,explorer.exe,0,5.039
882,2023-01-23 00:56:56.304,4,chrome.exe,0,2629.907
883,2023-01-23 01:40:46.211,4,Messenger.exe,0,4.036
884,2023-01-23 01:40:50.247,4,chrome.exe,0,107.974
885,2023-01-23 01:42:38.221,4,VsDebugConsole.exe,0,2.118
886,2023-01-23 01:42:40.339,4,chrome.exe,0,7291.96
887,2023-01-23 03:44:12.299,4,LockApp.exe,0,7.055
888,2023-01-23 03:44:19.354,4,chrome.exe,0,40.241
889,2023-01-23 03:44:59.595,4,VsDebugConsole.exe,0,14.095
890,2023-01-23 03:45:13.690,4,chrome.exe,0,1324.759
891,2023-01-23 04:07:18.449,4,Messenger.exe,0,3.051
892,2023-01-23 04:07:21.500,4,chrome.exe,0,12.08
893,2023-01-23 04:07:33.580,4,Messenger.exe,0,486.786
894,2023-01-23 04:15:40.366,4,chrome.exe,0,91.679
895,2023-01-23 04:17:12.045,4,Messenger.exe,0,8.032
896,2023-01-23 04:17:20.077,4,chrome.exe,0,423.136
897,2023-01-23 04:24:23.213,4,Messenger.exe,0,32.233
898,2023-01-23 04:24:55.446,4,chrome.exe,0,1890.159
899,2023-01-23 04:56:25.605,4,Messenger.exe,0,4.017
900,2023-01-23 04:56:29.622,4,chrome.exe,0,965.304
901,2023-01-23 05:12:34.926,4,Teams.exe,0,2.01
902,2023-01-23 05:12:36.936,4,explorer.exe,0,76.654
903,2023-01-23 05:13:53.590,4,Teams.exe,0,1.01
904,2023-01-23 05:13:54.600,4,chrome.exe,0,26.189
905,2023-01-23 05:14:20.789,4,Messenger.exe,0,36.293
906,2023-01-23 05:14:57.082,4,chrome.exe,0,32.211
907,2023-01-23 05:15:29.293,4,VsDebugConsole.exe,0,3.028
908,2023-01-23 05:15:32.321,4,explorer.exe,0,1.014
909,2023-01-23 05:15:33.335,4,VsDebugConsole.exe,0,2.02
910,2023-01-23 05:15:35.355,4,explorer.exe,0,45.385
911,2023-01-23 05:16:20.740,4,VsDebugConsole.exe,0,7.073
912,2023-01-23 05:16:27.813,4,SearchHost.exe,0,4.037
913,2023-01-23 05:16:31.850,4,VsDebugConsole.exe,0,1.004
914,2023-01-23 05:16:32.854,4,msteams.exe,0,6.073
915,2023-01-23 05:16:38.927,4,VsDebugConsole.exe,0,2.013
916,2023-01-23 05:16:40.940,4,SearchHost.exe,0,4.04
917,2023-01-23 05:16:44.980,4,explorer.exe,0,1.004
918,2023-01-23 05:16:45.984,4,msteams.exe,0,18.147
919,2023-01-23 05:17:04.131,4,VsDebugConsole.exe,0,1.007
920,2023-01-23 05:17:05.138,4,msteams.exe,0,1.114
921,2023-01-23 05:17:06.252,4,SearchHost.exe,0,1.005
922,2023-01-23 05:17:07.257,4,msteams.exe,0,3.019
923,2023-01-23 05:17:10.276,4,chrome.exe,0,6.177
924,2023-01-23 05:17:16.453,4,msteams.exe,0,3.018
925,2023-01-23 05:17:19.471,4,VsDebugConsole.exe,0,1.108
926,2023-01-23 05:17:20.579,4,SearchHost.exe,0,4.027
927,2023-01-23 05:17:24.606,4,msteams.exe,0,4.039
928,2023-01-23 05:17:28.645,4,VsDebugConsole.exe,0,1.002
929,2023-01-23 05:17:29.647,4,SearchHost.exe,0,6.048
930,2023-01-23 05:17:35.695,4,VsDebugConsole.exe,0,2.016
931,2023-01-23 05:17:37.711,4,Teams.exe,0,61.496
932,2023-01-23 05:18:39.207,4,explorer.exe,0,3.018
933,2023-01-23 05:18:42.225,4,Acrobat.exe,0,8.051
934,2023-01-23 05:18:50.276,4,explorer.exe,0,2.01
935,2023-01-23 05:18:52.286,4,Teams.exe,0,175.43
936,2023-01-23 05:21:47.716,4,chrome.exe,0,254.754
937,2023-01-23 05:26:02.470,4,Teams.exe,0,6.063
938,2023-01-23 05:26:08.533,4,chrome.exe,0,158.156
939,2023-01-23 05:28:46.689,4,Teams.exe,0,25.223
940,2023-01-23 05:29:11.912,4,explorer.exe,0,4.029
941,2023-01-23 05:29:15.941,4,Acrobat.exe,0,41.281
942,2023-01-23 05:29:57.222,4,explorer.exe,0,2.009
943,2023-01-23 05:29:59.231,4,Teams.exe,0,4.037
944,2023-01-23 05:30:03.268,4,chrome.exe,0,530.79
945,2023-01-23 05:38:54.058,4,Widgets.exe,0,1.006
946,2023-01-23 05:38:55.064,4,chrome.exe,0,675.301
947,2023-01-23 05:50:10.365,4,Teams.exe,0,2.014
948,2023-01-23 05:50:12.379,4,VsDebugConsole.exe,0,0.0
949,2023-01-23 05:58:46.543,4,s0,0,0.0
950,2023-01-23 05:58:46.543,4,VsDebugConsole.exe,0,8.043
951,2023-01-23 05:58:54.586,4,devenv.exe,0,2.013
952,2023-01-23 05:58:56.599,4,Teams.exe,0,1.006
953,2023-01-23 05:58:57.605,4,chrome.exe,0,1.003
954,2023-01-23 05:58:58.608,4,explorer.exe,0,13.097
955,2023-01-23 05:59:11.705,4,chrome.exe,0,1.008
956,2023-01-23 05:59:12.713,4,explorer.exe,0,2.01
957,2023-01-23 05:59:14.723,4,chrome.exe,0,1.008
958,2023-01-23 05:59:15.731,4,explorer.exe,0,6.051
959,2023-01-23 05:59:21.782,4,VsDebugConsole.exe,0,0.0
960,2023-01-23 17:46:59.679,4,s0,0,0.0
961,2023-01-23 17:46:59.679,4,VsDebugConsole.exe,0,7.068
962,2023-01-23 17:47:06.747,4,devenv.exe,0,100.683
963,2023-01-23 17:48:47.430,4,Docker Desktop.exe,0,4.017
964,2023-01-23 17:48:51.447,4,devenv.exe,0,3.021
965,2023-01-23 17:48:54.468,4,Teams.exe,0,85.674
966,2023-01-23 17:50:20.142,4,explorer.exe,0,8.065
967,2023-01-23 17:50:28.207,4,DB Browser for SQLite.exe,0,21.142
968,2023-01-23 17:50:49.349,4,explorer.exe,0,3.012
969,2023-01-23 17:50:52.361,4,VsDebugConsole.exe,0,0.0
970,2023-01-23 17:51:44.866,4,s0,0,0.0
971,2023-01-23 17:51:44.866,4,VsDebugConsole.exe,0,3.032
972,2023-01-23 17:51:47.898,4,devenv.exe,0,2.016
973,2023-01-23 17:51:49.914,4,explorer.exe,0,14.1
974,2023-01-23 17:52:04.014,4,VsDebugConsole.exe,0,0.0
975,2023-01-23 17:54:24.548,4,s0,0,0.0
976,2023-01-23 17:54:24.548,4,VsDebugConsole.exe,0,4.031
977,2023-01-23 17:54:28.579,4,devenv.exe,0,1.008
978,2023-01-23 17:54:29.587,4,explorer.exe,0,27.208
979,2023-01-23 17:54:56.795,4,VsDebugConsole.exe,0,0.0
980,2023-01-23 17:56:04.607,4,s0,0,0.0
981,2023-01-23 17:56:04.607,4,VsDebugConsole.exe,0,1.007
982,2023-01-23 17:56:05.614,4,devenv.exe,0,2.016
983,2023-01-23 17:56:07.630,4,DB Browser for SQLite.exe,0,3.023
984,2023-01-23 17:56:10.653,4,explorer.exe,0,7.054
985,2023-01-23 17:56:17.707,4,DB Browser for SQLite.exe,0,6.041
986,2023-01-23 17:56:23.748,4,explorer.exe,0,10.049
987,2023-01-23 17:56:33.797,4,VsDebugConsole.exe,0,4.036
988,2023-01-23 17:56:37.833,4,explorer.exe,0,7.065
989,2023-01-23 17:56:44.898,4,VsDebugConsole.exe,0,0.0
990,2023-01-23 17:58:43.659,4,s0,0,0.0
991,2023-01-23 17:58:43.659,4,VsDebugConsole.exe,0,3.019
992,2023-01-23 17:58:46.678,4,devenv.exe,0,1.006
993,2023-01-23 17:58:47.684,4,explorer.exe,0,2.017
994,2023-01-23 17:58:49.701,4,Messenger.exe,0,12.101
995,2023-01-23 17:59:01.802,4,explorer.exe,0,7.042
996,2023-01-23 17:59:08.844,4,chrome.exe,0,27.204
997,2023-01-23 17:59:36.048,4,explorer.exe,0,1.011
998,2023-01-23 17:59:37.059,4,chrome.exe,0,1337.449
999,2023-01-23 18:21:54.508,4,Messenger.exe,0,6.034
1000,2023-01-23 18:22:00.542,4,chrome.exe,0,1089.223
1001,2023-01-23 18:40:09.765,4,explorer.exe,0,890.692
1002,2023-01-23 18:55:00.457,4,devenv.exe,0,1.007
1003,2023-01-23 18:55:01.464,4,explorer.exe,0,2.017
1004,2023-01-23 18:55:03.481,4,Messenger.exe,0,2.015
1005,2023-01-23 18:55:05.496,4,explorer.exe,0,11530.199
1006,2023-01-23 22:07:15.695,4,LockApp.exe,0,6.067
1007,2023-01-23 22:07:21.762,4,explorer.exe,0,3.006
1008,2023-01-23 22:07:24.768,4,VsDebugConsole.exe,0,3.016
1009,2023-01-23 22:07:27.784,4,explorer.exe,0,2.02
1010,2023-01-23 22:07:29.804,4,Messenger.exe,0,5.026
1011,2023-01-23 22:07:34.830,4,explorer.exe,0,8.061
1012,2023-01-23 22:07:42.891,4,Teams.exe,0,32.252
1013,2023-01-23 22:08:15.143,4,chrome.exe,0,3099.681
1014,2023-01-23 22:59:54.824,4,Teams.exe,0,1.006
1015,2023-01-23 22:59:55.830,4,explorer.exe,0,5.04
1016,2023-01-23 23:00:00.870,4,Installer.exe,0,6.046
1017,2023-01-23 23:00:06.916,4,Messenger.exe,0,10.066
1018,2023-01-23 23:00:16.982,4,Zoom.exe,0,5.035
1019,2023-01-23 23:00:22.017,4,Zoom.exe,0,18.104
1020,2023-01-23 23:00:40.121,4,chrome.exe,0,22.181
1021,2023-01-23 23:01:02.302,4,Zoom.exe,0,3.039
1022,2023-01-23 23:01:05.341,4,Zoom.exe,0,1.004
1023,2023-01-23 23:01:06.345,4,Zoom.exe,0,1.001
1024,2023-01-23 23:01:07.346,4,Zoom.exe,0,2.023
1025,2023-01-23 23:01:09.369,4,Zoom.exe,0,7.064
1026,2023-01-23 23:01:16.433,4,Zoom.exe,0,16.151
1027,2023-01-23 23:01:32.584,4,Zoom.exe,0,5.045
1028,2023-01-23 23:01:37.629,4,Zoom.exe,0,3.024
1029,2023-01-23 23:01:40.653,4,Zoom.exe,0,20.155
1030,2023-01-23 23:02:00.808,4,Zoom.exe,0,1.012
1031,2023-01-23 23:02:01.820,4,Zoom.exe,0,4.051
1032,2023-01-23 23:02:05.871,4,chrome.exe,0,25.216
1033,2023-01-23 23:02:31.087,4,Zoom.exe,0,1.009
1034,2023-01-23 23:02:32.096,4,Zoom.exe,0,338.15
1035,2023-01-23 23:08:10.246,4,Messenger.exe,0,12.112
1036,2023-01-23 23:08:22.358,4,chrome.exe,0,17.17
1037,2023-01-23 23:08:39.528,4,Zoom.exe,0,13.114
1038,2023-01-23 23:08:52.642,4,chrome.exe,0,51.444
1039,2023-01-23 23:09:44.086,4,Zoom.exe,0,50.451
1040,2023-01-23 23:10:34.537,4,chrome.exe,0,12.107
1041,2023-01-23 23:10:46.644,4,explorer.exe,0,2.021
1042,2023-01-23 23:10:48.665,4,Zoom.exe,0,80.737
1043,2023-01-23 23:12:09.402,4,chrome.exe,0,3.031
1044,2023-01-23 23:12:12.433,4,explorer.exe,0,1.009
1045,2023-01-23 23:12:13.442,4,Zoom.exe,0,21.192
1046,2023-01-23 23:12:34.634,4,chrome.exe,0,21.184
1047,2023-01-23 23:12:55.818,4,explorer.exe,0,1.006
1048,2023-01-23 23:12:56.824,4,Zoom.exe,0,5.045
1049,2023-01-23 23:13:01.869,4,chrome.exe,0,1.014
1050,2023-01-23 23:13:02.883,4,Zoom.exe,0,1.015
1051,2023-01-23 23:13:03.898,4,chrome.exe,0,38.338
1052,2023-01-23 23:13:42.236,4,Zoom.exe,0,4.03
1053,2023-01-23 23:13:46.266,4,chrome.exe,0,295.389
1054,2023-01-23 23:18:41.655,4,Zoom.exe,0,3.032
1055,2023-01-23 23:18:44.687,4,chrome.exe,0,2.02
1056,2023-01-23 23:18:46.707,4,Zoom.exe,0,1.01
1057,2023-01-23 23:18:47.717,4,chrome.exe,0,16.141
1058,2023-01-23 23:19:03.858,4,Zoom.exe,0,1.011
1059,2023-01-23 23:19:04.869,4,chrome.exe,0,2.005
1060,2023-01-23 23:19:06.874,4,Zoom.exe,0,4.017
1061,2023-01-23 23:19:10.891,4,chrome.exe,0,536.568
1062,2023-01-23 23:28:07.459,4,explorer.exe,0,6.05
1063,2023-01-23 23:28:13.509,4,chrome.exe,0,4.036
1064,2023-01-23 23:28:17.545,4,Zoom.exe,0,8.059
1065,2023-01-23 23:28:25.604,4,chrome.exe,0,2.013
1066,2023-01-23 23:28:27.617,4,Zoom.exe,0,2.012
1067,2023-01-23 23:28:29.629,4,chrome.exe,0,24.191
1068,2023-01-23 23:28:53.820,4,Zoom.exe,0,1.007
1069,2023-01-23 23:28:54.827,4,chrome.exe,0,7.06
1070,2023-01-23 23:29:01.887,4,Zoom.exe,0,4.027
1071,2023-01-23 23:29:05.914,4,chrome.exe,0,254.096
1072,2023-01-23 23:33:20.010,4,Messenger.exe,0,1.011
1073,2023-01-23 23:33:21.021,4,Zoom.exe,0,2.024
1074,2023-01-23 23:33:23.045,4,explorer.exe,0,1.01
1075,2023-01-23 23:33:24.055,4,SearchHost.exe,0,2.008
1076,2023-01-23 23:33:26.063,4,cmd.exe,0,26.176
1077,2023-01-23 23:33:52.239,4,chrome.exe,0,427.556
1078,2023-01-23 23:40:59.795,4,Zoom.exe,0,2.019
1079,2023-01-23 23:41:01.814,4,chrome.exe,0,360.942
1080,2023-01-23 23:47:02.756,4,Zoom.exe,0,4.036
1081,2023-01-23 23:47:06.792,4,chrome.exe,0,306.611
1082,2023-01-23 23:52:13.403,4,cmd.exe,0,2.025
1083,2023-01-23 23:52:15.428,4,Zoom.exe,0,1.013
1084,2023-01-23 23:52:16.441,4,explorer.exe,0,10.065
1085,2023-01-23 23:52:26.506,4,DB Browser for SQLite.exe,0,1.005
1086,2023-01-23 23:52:27.511,4,explorer.exe,0,37.348
1087,2023-01-23 23:53:04.859,4,chrome.exe,0,563.6
1088,2023-01-24 00:02:28.459,4,explorer.exe,0,3.012
1089,2023-01-24 00:02:31.471,4,Zoom.exe,0,6.056
1090,2023-01-24 00:02:37.527,4,chrome.exe,0,4.042
1091,2023-01-24 00:02:41.569,4,Zoom.exe,0,20.188
1092,2023-01-24 00:03:01.757,4,chrome.exe,0,46.346
1093,2023-01-24 00:03:48.103,4,Zoom.exe,0,5.038
1094,2023-01-24 00:03:53.141,4,chrome.exe,0,29.223
1095,2023-01-24 00:04:22.364,4,Zoom.exe,0,3.022
1096,2023-01-24 00:04:25.386,4,chrome.exe,0,303.484
1097,2023-01-24 00:09:28.870,4,Zoom.exe,0,1.01
1098,2023-01-24 00:09:29.880,4,chrome.exe,0,228.938
1099,2023-01-24 00:13:18.818,4,Zoom.exe,0,3.03
1100,2023-01-24 00:13:21.848,4,chrome.exe,0,11.098
1101,2023-01-24 00:13:32.946,4,Zoom.exe,0,19.156
1102,2023-01-24 00:13:52.102,4,chrome.exe,0,10.075
1103,2023-01-24 00:14:02.177,4,explorer.exe,0,1.012
1104,2023-01-24 00:14:03.189,4,Zoom.exe,0,19.174
1105,2023-01-24 00:14:22.363,4,chrome.exe,0,822.748
1106,2023-01-24 00:28:05.111,4,explorer.exe,0,52.399
1107,2023-01-24 00:28:57.510,4,chrome.exe,0,59.448
1108,2023-01-24 00:29:56.958,4,Zoom.exe,0,3.029
1109,2023-01-24 00:29:59.987,4,Zoom.exe,0,23.172
1110,2023-01-24 00:30:23.159,4,chrome.exe,0,38.345
1111,2023-01-24 00:31:01.504,4,SearchHost.exe,0,4.054
1112,2023-01-24 00:31:05.558,4,cmd.exe,0,72.581
1113,2023-01-24 00:32:18.139,4,chrome.exe,0,3.028
1114,2023-01-24 00:32:21.167,4,Zoom.exe,0,3.029
1115,2023-01-24 00:32:24.196,4,Zoom.exe,0,1.005
1116,2023-01-24 00:32:25.201,4,chrome.exe,0,1.006
1117,2023-01-24 00:32:26.207,4,explorer.exe,0,469.165
1118,2023-01-24 00:40:15.372,4,chrome.exe,0,550.792
1119,2023-01-24 00:49:26.164,4,explorer.exe,0,6.047
1120,2023-01-24 00:49:32.211,4,Messenger.exe,0,90.703
1121,2023-01-24 00:51:02.914,4,explorer.exe,0,5.037
1122,2023-01-24 00:51:07.951,4,Messenger.exe,0,9.071
1123,2023-01-24 00:51:17.022,4,explorer.exe,0,4.039
1124,2023-01-24 00:51:21.061,4,VsDebugConsole.exe,0,0.0
1125,2023-01-24 16:30:24.383,4,s0,0,0.0
1126,2023-01-24 16:30:24.383,4,VsDebugConsole.exe,0,25.228
1127,2023-01-24 16:30:49.611,4,devenv.exe,0,12.095
1128,2023-01-24 16:31:01.706,4,explorer.exe,0,94.76
1129,2023-01-24 16:32:36.466,4,Teams.exe,0,15.13
1130,2023-01-24 16:32:51.596,4,explorer.exe,0,5.042
1131,2023-01-24 16:32:56.638,4,chrome.exe,0,1.008
1132,2023-01-24 16:32:57.646,4,explorer.exe,0,2.013
1133,2023-01-24 16:32:59.659,4,cmd.exe,0,6.044
1134,2023-01-24 16:33:05.703,4,chrome.exe,0,9.049
1135,2023-01-24 16:33:14.752,4,cmd.exe,0,6.046
1136,2023-01-24 16:33:20.798,4,chrome.exe,0,2.021
1137,2023-01-24 16:33:22.819,4,cmd.exe,0,7.055
1138,2023-01-24 16:33:29.874,4,chrome.exe,0,54.386
1139,2023-01-24 16:34:24.260,4,cmd.exe,0,3.022
1140,2023-01-24 16:34:27.282,4,explorer.exe,0,14.101
1141,2023-01-24 16:34:41.383,4,ApplicationFrameHost.exe,0,34.188
1142,2023-01-24 16:35:15.571,4,explorer.exe,0,12.081
1143,2023-01-24 16:35:27.652,4,chrome.exe,0,5.042
1144,2023-01-24 16:35:32.694,4,VsDebugConsole.exe,0,0.0
1145,2023-01-24 16:37:29.841,4,s0,0,0.0
1146,2023-01-24 16:37:29.841,4,VsDebugConsole.exe,0,2.011
1147,2023-01-24 16:37:31.852,4,devenv.exe,0,3.023
1148,2023-01-24 16:37:34.875,4,explorer.exe,0,2.021
1149,2023-01-24 16:37:36.896,4,chrome.exe,0,4.033
1150,2023-01-24 16:37:40.929,4,devenv.exe,0,3.007
1151,2023-01-24 16:37:43.936,4,Teams.exe,0,42.312
1152,2023-01-24 16:38:26.248,4,devenv.exe,0,2.015
1153,2023-01-24 16:38:28.263,4,SearchHost.exe,0,2.01
1154,2023-01-24 16:38:30.273,4,devenv.exe,0,2.003
1155,2023-01-24 16:38:32.276,4,Teams.exe,0,124.111
1156,2023-01-24 16:40:36.387,4,devenv.exe,0,45.296
1157,2023-01-24 16:41:21.683,4,Teams.exe,0,10.082
1158,2023-01-24 16:41:31.765,4,devenv.exe,0,24.155
1159,2023-01-24 16:41:55.920,4,Teams.exe,0,24.208
1160,2023-01-24 16:42:20.128,4,devenv.exe,0,31.214
1161,2023-01-24 16:42:51.342,4,Teams.exe,0,23.185
1162,2023-01-24 16:43:14.527,4,devenv.exe,0,130.775
1163,2023-01-24 16:45:25.302,4,Teams.exe,0,94.857
1164,2023-01-24 16:47:00.159,4,devenv.exe,0,15.119
1165,2023-01-24 16:47:15.278,4,chrome.exe,0,12.092
1166,2023-01-24 16:47:27.370,4,devenv.exe,0,87.552
1167,2023-01-24 16:48:54.922,4,Teams.exe,0,20.134
1168,2023-01-24 16:49:15.056,4,devenv.exe,0,66.405
1169,2023-01-24 16:50:21.461,4,Teams.exe,0,17.146
1170,2023-01-24 16:50:38.607,4,devenv.exe,0,54.345
1171,2023-01-24 16:51:32.952,4,Teams.exe,0,18.133
1172,2023-01-24 16:51:51.085,4,devenv.exe,0,121.717
1173,2023-01-24 16:53:52.802,4,Teams.exe,0,40.344
1174,2023-01-24 16:54:33.146,4,devenv.exe,0,168.023
1175,2023-01-24 16:57:21.169,4,Teams.exe,0,26.197
1176,2023-01-24 16:57:47.366,4,devenv.exe,0,700.326
1177,2023-01-24 17:09:27.692,4,Teams.exe,0,2.012
1178,2023-01-24 17:09:29.704,4,VsDebugConsole.exe,0,3.027
1179,2023-01-24 17:09:32.731,4,Teams.exe,0,3.029
1180,2023-01-24 17:09:35.760,4,explorer.exe,0,9.065
1181,2023-01-24 17:09:44.825,4,chrome.exe,0,3493.001
1182,2023-01-24 18:07:57.826,4,Zoom.exe,0,1.012
1183,2023-01-24 18:07:58.838,4,Zoom.exe,0,42.306
1184,2023-01-24 18:08:41.144,4,Zoom.exe,0,2.016
1185,2023-01-24 18:08:43.160,4,Zoom.exe,0,68.622
1186,2023-01-24 18:09:51.782,4,chrome.exe,0,38.332
1187,2023-01-24 18:10:30.114,4,explorer.exe,0,1.003
1188,2023-01-24 18:10:31.117,4,Zoom.exe,0,115.992
1189,2023-01-24 18:12:27.109,4,chrome.exe,0,52.432
1190,2023-01-24 18:13:19.541,4,Zoom.exe,0,4.035
1191,2023-01-24 18:13:23.576,4,chrome.exe,0,41.362
1192,2023-01-24 18:14:04.938,4,Zoom.exe,0,17.191
1193,2023-01-24 18:14:22.129,4,chrome.exe,0,17.117
1194,2023-01-24 18:14:39.246,4,Zoom.exe,0,5.039
1195,2023-01-24 18:14:44.285,4,chrome.exe,0,15.133
1196,2023-01-24 18:14:59.418,4,Zoom.exe,0,54.386
1197,2023-01-24 18:15:53.804,4,chrome.exe,0,5.039
1198,2023-01-24 18:15:58.843,4,Zoom.exe,0,5.043
1199,2023-01-24 18:16:03.886,4,chrome.exe,0,4.028
1200,2023-01-24 18:16:07.914,4,Zoom.exe,0,18.11
1201,2023-01-24 18:16:26.024,4,chrome.exe,0,223.695
1202,2023-01-24 18:20:09.719,4,Zoom.exe,0,17.132
1203,2023-01-24 18:20:26.851,4,chrome.exe,0,86.666
1204,2023-01-24 18:21:53.517,4,Zoom.exe,0,159.358
1205,2023-01-24 18:24:32.875,4,chrome.exe,0,19.162
1206,2023-01-24 18:24:52.037,4,Zoom.exe,0,279.518
1207,2023-01-24 18:29:31.555,4,chrome.exe,0,11.123
1208,2023-01-24 18:29:42.678,4,explorer.exe,0,1.014
1209,2023-01-24 18:29:43.692,4,Zoom.exe,0,44.302
1210,2023-01-24 18:30:27.994,4,chrome.exe,0,431.788
1211,2023-01-24 18:37:39.782,4,cmd.exe,0,31.239
1212,2023-01-24 18:38:11.021,4,chrome.exe,0,10.095
1213,2023-01-24 18:38:21.116,4,cmd.exe,0,38.313
1214,2023-01-24 18:38:59.429,4,chrome.exe,0,18.155
1215,2023-01-24 18:39:17.584,4,Zoom.exe,0,302.532
1216,2023-01-24 18:44:20.116,4,chrome.exe,0,6.044
1217,2023-01-24 18:44:26.160,4,Zoom.exe,0,50.414
1218,2023-01-24 18:45:16.574,4,chrome.exe,0,97.905
1219,2023-01-24 18:46:54.479,4,Zoom.exe,0,143.269
1220,2023-01-24 18:49:17.748,4,chrome.exe,0,13.089
1221,2023-01-24 18:49:30.837,4,Zoom.exe,0,26.179
1222,2023-01-24 18:49:57.016,4,chrome.exe,0,32.252
1223,2023-01-24 18:50:29.268,4,Zoom.exe,0,4.045
1224,2023-01-24 18:50:33.313,4,chrome.exe,0,41.365
1225,2023-01-24 18:51:14.678,4,Zoom.exe,0,2.022
1226,2023-01-24 18:51:16.700,4,Zoom.exe,0,433.596
1227,2023-01-24 18:58:30.296,4,Zoom.exe,0,2.121
1228,2023-01-24 18:58:32.417,4,chrome.exe,0,17.118
1229,2023-01-24 18:58:49.535,4,Zoom.exe,0,1.012
1230,2023-01-24 18:58:50.547,4,Zoom.exe,0,61.458
1231,2023-01-24 18:59:52.005,4,chrome.exe,0,14.121
1232,2023-01-24 19:00:06.126,4,Zoom.exe,0,21.302
1233,2023-01-24 19:00:27.428,4,chrome.exe,0,194.52
1234,2023-01-24 19:03:41.948,4,Zoom.exe,0,17.124
1235,2023-01-24 19:03:59.072,4,chrome.exe,0,14.119
1236,2023-01-24 19:04:13.191,4,explorer.exe,0,1.008
1237,2023-01-24 19:04:14.199,4,Zoom.exe,0,4.017
1238,2023-01-24 19:04:18.216,4,Zoom.exe,0,1.01
1239,2023-01-24 19:04:19.226,4,chrome.exe,0,1.004
1240,2023-01-24 19:04:20.230,4,Teams.exe,0,368.72
1241,2023-01-24 19:10:28.950,4,explorer.exe,0,1.01
1242,2023-01-24 19:10:29.960,4,chrome.exe,0,1.011
1243,2023-01-24 19:10:30.971,4,explorer.exe,0,3.017
1244,2023-01-24 19:10:33.988,4,chrome.exe,0,52.393
1245,2023-01-24 19:11:26.381,4,Teams.exe,0,276.203
1246,2023-01-24 19:16:02.584,4,chrome.exe,0,134.084
1247,2023-01-24 19:18:16.668,4,Teams.exe,0,1462.57
1248,2023-01-24 19:42:39.238,4,chrome.exe,0,888.89
1249,2023-01-24 19:57:28.128,4,Teams.exe,0,2.012
1250,2023-01-24 19:57:30.140,4,cmd.exe,0,21.166
1251,2023-01-24 19:57:51.306,4,explorer.exe,0,2.015
1252,2023-01-24 19:57:53.321,4,SearchHost.exe,0,6.032
1253,2023-01-24 19:57:59.353,4,explorer.exe,0,1.005
1254,2023-01-24 19:58:00.358,4,SearchHost.exe,0,3.136
1255,2023-01-24 19:58:03.494,4,ApplicationFrameHost.exe,0,1351.548
1256,2023-01-24 20:20:35.042,4,explorer.exe,0,1.006
1257,2023-01-24 20:20:36.048,4,SearchHost.exe,0,4.018
1258,2023-01-24 20:20:40.066,4,explorer.exe,0,1.008
1259,2023-01-24 20:20:41.074,4,msedge.exe,0,945.83
1260,2023-01-24 20:36:26.904,4,Teams.exe,0,7.074
1261,2023-01-24 20:36:33.978,4,msedge.exe,0,1425.472
1262,2023-01-24 21:00:19.450,4,explorer.exe,0,3.019
1263,2023-01-24 21:00:22.469,4,chrome.exe,0,19982.078
1264,2023-01-25 02:33:24.547,4,LockApp.exe,0,7.162
1265,2023-01-25 02:33:31.709,4,chrome.exe,0,4.039
1266,2023-01-25 02:33:35.748,4,VsDebugConsole.exe,0,0.0
1267,2023-01-25 21:25:35.256,4,s0,0,0.0
1268,2023-01-25 21:25:35.256,4,VsDebugConsole.exe,0,3.015
1269,2023-01-25 21:25:38.271,4,devenv.exe,0,1.002
1270,2023-01-25 21:25:39.273,4,explorer.exe,0,42.245
1271,2023-01-25 21:26:21.518,4,VsDebugConsole.exe,0,0.0
1272,2023-01-25 21:27:17.543,4,s0,0,0.0
1273,2023-01-25 21:27:17.543,4,VsDebugConsole.exe,0,1.007
1274,2023-01-25 21:27:18.550,4,devenv.exe,0,1.006
1275,2023-01-25 21:27:19.556,4,explorer.exe,0,39.273
1276,2023-01-25 21:27:58.829,4,Messenger.exe,0,315.681
1277,2023-01-25 21:33:14.510,4,chrome.exe,0,51.37
1278,2023-01-25 21:34:05.880,4,Messenger.exe,0,358.071
1279,2023-01-25 21:40:03.951,4,chrome.exe,0,2.016
1280,2023-01-25 21:40:05.967,4,Messenger.exe,0,2.016
1281,2023-01-25 21:40:07.983,4,explorer.exe,0,4.023
1282,2023-01-25 21:40:12.006,4,cmd.exe,0,10.051
1283,2023-01-25 21:40:22.057,4,chrome.exe,0,28.208
1284,2023-01-25 21:40:50.265,4,cmd.exe,0,6.048
1285,2023-01-25 21:40:56.313,4,chrome.exe,0,5.023
1286,2023-01-25 21:41:01.336,4,cmd.exe,0,8.055
1287,2023-01-25 21:41:09.391,4,chrome.exe,0,2153.765
1288,2023-01-25 22:17:03.156,4,Messenger.exe,0,453.487
1289,2023-01-25 22:24:36.643,4,chrome.exe,0,741.236
1290,2023-01-25 22:36:57.879,4,Messenger.exe,0,342.83
1291,2023-01-25 22:42:40.709,4,chrome.exe,0,1132.395
1292,2023-01-25 23:01:33.104,4,Messenger.exe,0,6.046
1293,2023-01-25 23:01:39.150,4,chrome.exe,0,36.221
1294,2023-01-25 23:02:15.371,4,Messenger.exe,0,191.666
1295,2023-01-25 23:05:27.037,4,chrome.exe,0,18.188
1296,2023-01-25 23:05:45.225,4,cmd.exe,0,3.046
1297,2023-01-25 23:05:48.271,4,cmd.exe,0,13.063
1298,2023-01-25 23:06:01.334,4,chrome.exe,0,16.104
1299,2023-01-25 23:06:17.438,4,cmd.exe,0,67.624
1300,2023-01-25 23:07:25.062,4,chrome.exe,0,13.131
1301,2023-01-25 23:07:38.193,4,cmd.exe,0,26.234
1302,2023-01-25 23:08:04.427,4,chrome.exe,0,5.063
1303,2023-01-25 23:08:09.490,4,explorer.exe,0,5.047
1304,2023-01-25 23:08:14.537,4,chrome.exe,0,5.034
1305,2023-01-25 23:08:19.571,4,VsDebugConsole.exe,0,2.008
1306,2023-01-25 23:08:21.579,4,chrome.exe,0,3.026
1307,2023-01-25 23:08:24.605,4,cmd.exe,0,72.685
1308,2023-01-25 23:09:37.290,4,chrome.exe,0,1934.44
1309,2023-01-25 23:41:51.730,4,explorer.exe,0,4.019
1310,2023-01-25 23:41:55.749,4,cmd.exe,0,1.006
1311,2023-01-25 23:41:56.755,4,explorer.exe,0,2.008
1312,2023-01-25 23:41:58.763,4,VsDebugConsole.exe,0,0.0
1313,2023-01-25 23:44:32.729,4,s0,0,0.0
1314,2023-01-25 23:44:32.729,4,VsDebugConsole.exe,0,12.074
1315,2023-01-25 23:44:44.803,4,devenv.exe,0,1.004
1316,2023-01-25 23:44:45.807,4,explorer.exe,0,15.084
1317,2023-01-25 23:45:00.891,4,DB Browser for SQLite.exe,0,109.679
1318,2023-01-25 23:46:50.570,4,explorer.exe,0,5.027
1319,2023-01-25 23:46:55.597,4,chrome.exe,0,26.206
1320,2023-01-25 23:47:21.803,4,explorer.exe,0,133.85
1321,2023-01-25 23:49:35.653,4,Messenger.exe,0,159.897
1322,2023-01-25 23:52:15.550,4,explorer.exe,0,49.308
1323,2023-01-25 23:53:04.858,4,Messenger.exe,0,97.543
1324,2023-01-25 23:54:42.401,4,explorer.exe,0,6.031
1325,2023-01-25 23:54:48.432,4,chrome.exe,0,840.031
1326,2023-01-26 00:08:48.463,4,Messenger.exe,0,1671.712
1327,2023-01-26 00:36:40.175,4,chrome.exe,0,6.046
1328,2023-01-26 00:36:46.221,4,Messenger.exe,0,16.095
1329,2023-01-26 00:37:02.316,4,explorer.exe,0,8611.865
1330,2023-01-26 03:00:34.181,4,LockApp.exe,0,6.035
1331,2023-01-26 03:00:40.216,4,explorer.exe,0,3.015
1332,2023-01-26 03:00:43.231,4,Zoom.exe,0,12.06
1333,2023-01-26 03:00:55.291,4,chrome.exe,0,24.198
1334,2023-01-26 03:01:19.489,4,Zoom.exe,0,1.006
1335,2023-01-26 03:01:20.495,4,chrome.exe,0,6.064
1336,2023-01-26 03:01:26.559,4,explorer.exe,0,1.007
1337,2023-01-26 03:01:27.566,4,ShellExperienceHost.exe,0,11.11
1338,2023-01-26 03:01:38.676,4,chrome.exe,0,25.181
1339,2023-01-26 03:02:03.857,4,Zoom.exe,0,8.058
1340,2023-01-26 03:02:11.915,4,Zoom.exe,0,24.161
1341,2023-01-26 03:02:36.076,4,Zoom.exe,0,1.005
1342,2023-01-26 03:02:37.081,4,chrome.exe,0,35.324
1343,2023-01-26 03:03:12.405,4,Zoom.exe,0,12.112
1344,2023-01-26 03:03:24.517,4,chrome.exe,0,63.526
1345,2023-01-26 03:04:28.043,4,explorer.exe,0,1.008
1346,2023-01-26 03:04:29.051,4,Zoom.exe,0,11.075
1347,2023-01-26 03:04:40.126,4,chrome.exe,0,5.038
1348,2023-01-26 03:04:45.164,4,Zoom.exe,0,8.066
1349,2023-01-26 03:04:53.230,4,chrome.exe,0,147.057
1350,2023-01-26 03:07:20.287,4,explorer.exe,0,14.206
1351,2023-01-26 03:07:34.493,4,chrome.exe,0,80.58
1352,2023-01-26 03:08:55.073,4,Zoom.exe,0,3.028
1353,2023-01-26 03:08:58.101,4,chrome.exe,0,3.028
1354,2023-01-26 03:09:01.129,4,explorer.exe,0,1.003
1355,2023-01-26 03:09:02.132,4,Zoom.exe,0,361.233
1356,2023-01-26 03:15:03.365,4,Teams.exe,0,33.256
1357,2023-01-26 03:15:36.621,4,Zoom.exe,0,74.641
1358,2023-01-26 03:16:51.262,4,chrome.exe,0,4.036
1359,2023-01-26 03:16:55.298,4,explorer.exe,0,2.018
1360,2023-01-26 03:16:57.316,4,Zoom.exe,0,13.112
1361,2023-01-26 03:17:10.428,4,chrome.exe,0,253.102
1362,2023-01-26 03:21:23.530,4,Zoom.exe,0,14.124
1363,2023-01-26 03:21:37.654,4,chrome.exe,0,115.855
1364,2023-01-26 03:23:33.509,4,Teams.exe,0,20.186
1365,2023-01-26 03:23:53.695,4,chrome.exe,0,89.791
1366,2023-01-26 03:25:23.486,4,Zoom.exe,0,6.038
1367,2023-01-26 03:25:29.524,4,explorer.exe,0,1.006
1368,2023-01-26 03:25:30.530,4,DB Browser for SQLite.exe,0,28.205
1369,2023-01-26 03:25:58.735,4,explorer.exe,0,2.019
1370,2023-01-26 03:26:00.754,4,DB Browser for SQLite.exe,0,123.87
1371,2023-01-26 03:28:04.624,4,explorer.exe,0,2.019
1372,2023-01-26 03:28:06.643,4,DB Browser for SQLite.exe,0,1.006
1373,2023-01-26 03:28:07.649,4,explorer.exe,0,11.069
1374,2023-01-26 03:28:18.718,4,Zoom.exe,0,2.019
1375,2023-01-26 03:28:20.737,4,explorer.exe,0,6.057
1376,2023-01-26 03:28:26.794,4,Zoom.exe,0,4.039
1377,2023-01-26 03:28:30.833,4,Messenger.exe,0,3.032
1378,2023-01-26 03:28:33.865,4,Zoom.exe,0,4.03
1379,2023-01-26 03:28:37.895,4,explorer.exe,0,4.036
1380,2023-01-26 03:28:41.931,4,Zoom.exe,0,5.046
1381,2023-01-26 03:28:46.977,4,chrome.exe,0,2.009
1382,2023-01-26 03:28:48.986,4,Zoom.exe,0,43.359
1383,2023-01-26 03:29:32.345,4,chrome.exe,0,66.501
1384,2023-01-26 03:30:38.846,4,Zoom.exe,0,4.053
1385,2023-01-26 03:30:42.899,4,chrome.exe,0,635.137
1386,2023-01-26 03:41:18.036,4,explorer.exe,0,1.013
1387,2023-01-26 03:41:19.049,4,Zoom.exe,0,1.013
1388,2023-01-26 03:41:20.062,4,chrome.exe,0,36.29
1389,2023-01-26 03:41:56.352,4,Zoom.exe,0,1.013
1390,2023-01-26 03:41:57.365,4,chrome.exe,0,22.183
1391,2023-01-26 03:42:19.548,4,Zoom.exe,0,3.014
1392,2023-01-26 03:42:22.562,4,chrome.exe,0,11.128
1393,2023-01-26 03:42:33.690,4,Zoom.exe,0,32.255
1394,2023-01-26 03:43:05.945,4,chrome.exe,0,136.077
1395,2023-01-26 03:45:22.022,4,VsDebugConsole.exe,0,2.013
1396,2023-01-26 03:45:24.035,4,chrome.exe,0,87.704
1397,2023-01-26 03:46:51.739,4,Zoom.exe,0,4.027
1398,2023-01-26 03:46:55.766,4,chrome.exe,0,4.032
1399,2023-01-26 03:46:59.798,4,Messenger.exe,0,162.958
1400,2023-01-26 03:49:42.756,4,chrome.exe,0,3493.871
1401,2023-01-26 04:47:56.627,4,Messenger.exe,0,6.059
1402,2023-01-26 04:48:02.686,4,chrome.exe,0,1475.981
1403,2023-01-26 05:12:38.667,4,Zoom.exe,0,1.004
1404,2023-01-26 05:12:39.671,4,explorer.exe,0,49.282
1405,2023-01-26 05:13:28.953,4,chrome.exe,0,9.06
1406,2023-01-26 05:13:38.013,4,explorer.exe,0,14.088
1407,2023-01-26 05:13:52.101,4,chrome.exe,0,12.068
1408,2023-01-26 05:14:04.169,4,cmd.exe,0,23.134
1409,2023-01-26 05:14:27.303,4,chrome.exe,0,46.311
1410,2023-01-26 05:15:13.614,4,cmd.exe,0,2.016
1411,2023-01-26 05:15:15.630,4,explorer.exe,0,21.125
1412,2023-01-26 05:15:36.755,4,EXCEL.EXE,0,7.035
1413,2023-01-26 05:15:43.790,4,explorer.exe,0,5.03
1414,2023-01-26 05:15:48.820,4,chrome.exe,0,3452.686
1415,2023-01-26 06:13:21.506,4,Messenger.exe,0,252.407
1416,2023-01-26 06:17:33.913,4,chrome.exe,0,725.176
1417,2023-01-26 06:29:39.089,4,cmd.exe,0,8.053
1418,2023-01-26 06:29:47.142,4,chrome.exe,0,6.036
1419,2023-01-26 06:29:53.178,4,Messenger.exe,0,30.207
1420,2023-01-26 06:30:23.385,4,chrome.exe,0,10.063
1421,2023-01-26 06:30:33.448,4,ApplicationFrameHost.exe,0,251.04
1422,2023-01-26 06:34:44.488,4,chrome.exe,0,146.999
1423,2023-01-26 06:37:11.487,4,ApplicationFrameHost.exe,0,23.166
1424,2023-01-26 06:37:34.653,4,chrome.exe,0,138.109
1425,2023-01-26 06:39:52.762,4,ApplicationFrameHost.exe,0,1057.492
1426,2023-01-26 06:57:30.254,4,chrome.exe,0,36.362
1427,2023-01-26 06:58:06.616,4,explorer.exe,0,8.049
1428,2023-01-26 06:58:14.665,4,VsDebugConsole.exe,0,0.0
1429,2023-01-26 23:42:06.936,4,s0,0,0.0
1430,2023-01-26 23:42:06.936,4,VsDebugConsole.exe,0,3.037
1431,2023-01-26 23:42:09.973,4,devenv.exe,0,1.011
1432,2023-01-26 23:42:10.984,4,explorer.exe,0,112.793
1433,2023-01-26 23:44:03.777,4,cmd.exe,0,9.056
1434,2023-01-26 23:44:12.833,4,chrome.exe,0,3238.186
1435,2023-01-27 00:38:11.019,4,cmd.exe,0,74.462
1436,2023-01-27 00:39:25.481,4,chrome.exe,0,123.84
1437,2023-01-27 00:41:29.321,4,explorer.exe,0,5.039
1438,2023-01-27 00:41:34.360,4,Notepad.exe,0,19.111
1439,2023-01-27 00:41:53.471,4,explorer.exe,0,2.01
1440,2023-01-27 00:41:55.481,4,chrome.exe,0,19.133
1441,2023-01-27 00:42:14.614,4,explorer.exe,0,3.121
1442,2023-01-27 00:42:17.735,4,EXCEL.EXE,0,17.203
1443,2023-01-27 00:42:34.938,4,explorer.exe,0,2.011
1444,2023-01-27 00:42:36.949,4,chrome.exe,0,54.336
1445,2023-01-27 00:43:31.285,4,explorer.exe,0,1.004
1446,2023-01-27 00:43:32.289,4,EXCEL.EXE,0,5.148
1447,2023-01-27 00:43:37.437,4,explorer.exe,0,11.077
1448,2023-01-27 00:43:48.514,4,chrome.exe,0,87.609
1449,2023-01-27 00:45:16.123,4,explorer.exe,0,2.008
1450,2023-01-27 00:45:18.131,4,Notepad.exe,0,7.053
1451,2023-01-27 00:45:25.184,4,explorer.exe,0,3.027
1452,2023-01-27 00:45:28.211,4,chrome.exe,0,24.138
1453,2023-01-27 00:45:52.349,4,cmd.exe,0,28.215
1454,2023-01-27 00:46:20.564,4,chrome.exe,0,142.916
1455,2023-01-27 00:48:43.480,4,Messenger.exe,0,62.354
1456,2023-01-27 00:49:45.834,4,chrome.exe,0,26.175
1457,2023-01-27 00:50:12.009,4,Messenger.exe,0,53.303
1458,2023-01-27 00:51:05.312,4,chrome.exe,0,9.079
1459,2023-01-27 00:51:14.391,4,Messenger.exe,0,5.039
1460,2023-01-27 00:51:19.430,4,chrome.exe,0,37.213
1461,2023-01-27 00:51:56.643,4,Messenger.exe,0,42.349
1462,2023-01-27 00:52:38.992,4,chrome.exe,0,44.244
1463,2023-01-27 00:53:23.236,4,Messenger.exe,0,89.527
1464,2023-01-27 00:54:52.763,4,chrome.exe,0,509.117
1465,2023-01-27 01:03:21.880,4,ApplicationFrameHost.exe,0,6801.482
1466,2023-01-27 02:56:43.362,4,chrome.exe,0,61.367
1467,2023-01-27 02:57:44.729,4,Zoom.exe,0,3.032
1468,2023-01-27 02:57:47.761,4,chrome.exe,0,20.143
1469,2023-01-27 02:58:07.904,4,Zoom.exe,0,35.223
1470,2023-01-27 02:58:43.127,4,chrome.exe,0,2.006
1471,2023-01-27 02:58:45.133,4,Zoom.exe,0,4.026
1472,2023-01-27 02:58:49.159,4,chrome.exe,0,2.023
1473,2023-01-27 02:58:51.182,4,cmd.exe,0,2.022
1474,2023-01-27 02:58:53.204,4,explorer.exe,0,2.01
1475,2023-01-27 02:58:55.214,4,Zoom.exe,0,7.034
1476,2023-01-27 02:59:02.248,4,chrome.exe,0,5.052
1477,2023-01-27 02:59:07.300,4,Zoom.exe,0,5.034
1478,2023-01-27 02:59:12.334,4,Zoom.exe,0,13.108
1479,2023-01-27 02:59:25.442,4,chrome.exe,0,24.226
1480,2023-01-27 02:59:49.668,4,explorer.exe,0,1.013
1481,2023-01-27 02:59:50.681,4,Zoom.exe,0,33.321
1482,2023-01-27 03:00:24.002,4,chrome.exe,0,3.036
1483,2023-01-27 03:00:27.038,4,Zoom.exe,0,2.017
1484,2023-01-27 03:00:29.055,4,chrome.exe,0,38.318
1485,2023-01-27 03:01:07.373,4,Zoom.exe,0,20.222
1486,2023-01-27 03:01:27.595,4,chrome.exe,0,110.965
1487,2023-01-27 03:03:18.560,4,Zoom.exe,0,6.035
1488,2023-01-27 03:03:24.595,4,chrome.exe,0,29.247
1489,2023-01-27 03:03:53.842,4,Zoom.exe,0,9.062
1490,2023-01-27 03:04:02.904,4,chrome.exe,0,29.249
1491,2023-01-27 03:04:32.153,4,explorer.exe,0,1.004
1492,2023-01-27 03:04:33.157,4,Zoom.exe,0,4.044
1493,2023-01-27 03:04:37.201,4,chrome.exe,0,4.044
1494,2023-01-27 03:04:41.245,4,Zoom.exe,0,16.13
1495,2023-01-27 03:04:57.375,4,chrome.exe,0,26.208
1496,2023-01-27 03:05:23.583,4,Zoom.exe,0,3.022
1497,2023-01-27 03:05:26.605,4,chrome.exe,0,161.273
1498,2023-01-27 03:08:07.878,4,explorer.exe,0,4.047
1499,2023-01-27 03:08:11.925,4,chrome.exe,0,25.177
1500,2023-01-27 03:08:37.102,4,Zoom.exe,0,4.033
1501,2023-01-27 03:08:41.135,4,Zoom.exe,0,6.046
1502,2023-01-27 03:08:47.181,4,Messenger.exe,0,24.223
1503,2023-01-27 03:09:11.404,4,Zoom.exe,0,3.03
1504,2023-01-27 03:09:14.434,4,chrome.exe,0,64.534
1505,2023-01-27 03:10:18.968,4,Zoom.exe,0,23.157
1506,2023-01-27 03:10:42.125,4,chrome.exe,0,214.717
1507,2023-01-27 03:14:16.842,4,Zoom.exe,0,84.702
1508,2023-01-27 03:15:41.544,4,Zoom.exe,0,1.003
1509,2023-01-27 03:15:42.547,4,Zoom.exe,0,2.017
1510,2023-01-27 03:15:44.564,4,chrome.exe,0,19.153
1511,2023-01-27 03:16:03.717,4,Zoom.exe,0,8.081
1512,2023-01-27 03:16:11.798,4,chrome.exe,0,2.02
1513,2023-01-27 03:16:13.818,4,Zoom.exe,0,4.025
1514,2023-01-27 03:16:17.843,4,chrome.exe,0,256.949
1515,2023-01-27 03:20:34.792,4,explorer.exe,0,3.024
1516,2023-01-27 03:20:37.816,4,Notepad.exe,0,3.018
1517,2023-01-27 03:20:40.834,4,explorer.exe,0,2.018
1518,2023-01-27 03:20:42.852,4,chrome.exe,0,1.01
1519,2023-01-27 03:20:43.862,4,explorer.exe,0,8.042
1520,2023-01-27 03:20:51.904,4,EXCEL.EXE,0,14.08
1521,2023-01-27 03:21:05.984,4,explorer.exe,0,1.006
1522,2023-01-27 03:21:06.990,4,chrome.exe,0,344.722
1523,2023-01-27 03:26:51.712,4,Zoom.exe,0,12.095
1524,2023-01-27 03:27:03.807,4,chrome.exe,0,76.612
1525,2023-01-27 03:28:20.419,4,Zoom.exe,0,13.093
1526,2023-01-27 03:28:33.512,4,explorer.exe,0,31.28
1527,2023-01-27 03:29:04.792,4,Zoom.exe,0,2.016
1528,2023-01-27 03:29:06.808,4,Zoom.exe,0,4.018
1529,2023-01-27 03:29:10.826,4,explorer.exe,0,2.009
1530,2023-01-27 03:29:12.835,4,Spotify.exe,0,106.031
1531,2023-01-27 03:30:58.866,4,explorer.exe,0,1.012
1532,2023-01-27 03:30:59.878,4,Spotify.exe,0,3.031
1533,2023-01-27 03:31:02.909,4,SearchHost.exe,0,4.046
1534,2023-01-27 03:31:06.955,4,msedge.exe,0,229.083
1535,2023-01-27 03:34:56.038,4,Spotify.exe,0,7438.509
1536,2023-01-27 05:38:54.547,4,explorer.exe,0,4.045
1537,2023-01-27 05:38:58.592,4,VsDebugConsole.exe,0,0.0
1538,2023-01-27 17:29:36.870,4,s0,0,0.0
1539,2023-01-27 17:29:36.870,4,VsDebugConsole.exe,0,2.026
1540,2023-01-27 17:29:38.896,4,devenv.exe,0,2.016
1541,2023-01-27 17:29:40.912,4,explorer.exe,0,5.017
1542,2023-01-27 17:29:45.929,4,cmd.exe,0,101.858
1543,2023-01-27 17:31:27.787,4,chrome.exe,0,20.253
1544,2023-01-27 17:31:48.040,4,cmd.exe,0,78.511
1545,2023-01-27 17:33:06.551,4,chrome.exe,0,620.459
1546,2023-01-27 17:43:27.010,4,cmd.exe,0,1.015
1547,2023-01-27 17:43:28.025,4,explorer.exe,0,12.063
1548,2023-01-27 17:43:40.088,4,DB Browser for SQLite.exe,0,50.308
1549,2023-01-27 17:44:30.396,4,explorer.exe,0,2.009
1550,2023-01-27 17:44:32.405,4,DB Browser for SQLite.exe,0,103.635
1551,2023-01-27 17:46:16.040,4,chrome.exe,0,9.056
1552,2023-01-27 17:46:25.096,4,explorer.exe,0,2.019
1553,2023-01-27 17:46:27.115,4,DB Browser for SQLite.exe,0,6.038
1554,2023-01-27 17:46:33.153,4,explorer.exe,0,3.012
1555,2023-01-27 17:46:36.165,4,cmd.exe,0,7.045
1556,2023-01-27 17:46:43.210,4,DB Browser for SQLite.exe,0,8.074
1557,2023-01-27 17:46:51.284,4,cmd.exe,0,13.075
1558,2023-01-27 17:47:04.359,4,chrome.exe,0,37.264
1559,2023-01-27 17:47:41.623,4,explorer.exe,0,3.015
1560,2023-01-27 17:47:44.638,4,DB Browser for SQLite.exe,0,60.391
1561,2023-01-27 17:48:45.029,4,cmd.exe,0,14.092
1562,2023-01-27 17:48:59.121,4,DB Browser for SQLite.exe,0,5.016
1563,2023-01-27 17:49:04.137,4,cmd.exe,0,4.024
1564,2023-01-27 17:49:08.161,4,chrome.exe,0,36.283
1565,2023-01-27 17:49:44.444,4,explorer.exe,0,2.013
1566,2023-01-27 17:49:46.457,4,DB Browser for SQLite.exe,0,141.902
1567,2023-01-27 17:52:08.359,4,explorer.exe,0,9.064
1568,2023-01-27 17:52:17.423,4,cmd.exe,0,5.038
1569,2023-01-27 17:52:22.461,4,DB Browser for SQLite.exe,0,5.029
1570,2023-01-27 17:52:27.490,4,cmd.exe,0,4.022
1571,2023-01-27 17:52:31.512,4,chrome.exe,0,25.163
1572,2023-01-27 17:52:56.675,4,explorer.exe,0,8.043
1573,2023-01-27 17:53:04.718,4,DB Browser for SQLite.exe,0,148.915
1574,2023-01-27 17:55:33.633,4,cmd.exe,0,4.028
1575,2023-01-27 17:55:37.661,4,DB Browser for SQLite.exe,0,10.06
1576,2023-01-27 17:55:47.721,4,cmd.exe,0,4.024
1577,2023-01-27 17:55:51.745,4,chrome.exe,0,21.153
1578,2023-01-27 17:56:12.898,4,explorer.exe,0,2.016
1579,2023-01-27 17:56:14.914,4,DB Browser for SQLite.exe,0,8.053
1580,2023-01-27 17:56:22.967,4,cmd.exe,0,6.035
1581,2023-01-27 17:56:29.002,4,DB Browser for SQLite.exe,0,32.199
1582,2023-01-27 17:57:01.201,4,explorer.exe,0,2.01
1583,2023-01-27 17:57:03.211,4,DB Browser for SQLite.exe,0,9.042
1584,2023-01-27 17:57:12.253,4,explorer.exe,0,2.008
1585,2023-01-27 17:57:14.261,4,DB Browser for SQLite.exe,0,8.039
1586,2023-01-27 17:57:22.300,4,explorer.exe,0,2.011
1587,2023-01-27 17:57:24.311,4,DB Browser for SQLite.exe,0,12.064
1588,2023-01-27 17:57:36.375,4,explorer.exe,0,4.021
1589,2023-01-27 17:57:40.396,4,DB Browser for SQLite.exe,0,8.059
1590,2023-01-27 17:57:48.455,4,explorer.exe,0,3.015
1591,2023-01-27 17:57:51.470,4,DB Browser for SQLite.exe,0,9.058
1592,2023-01-27 17:58:00.528,4,explorer.exe,0,5.024
1593,2023-01-27 17:58:05.552,4,DB Browser for SQLite.exe,0,54.334
1594,2023-01-27 17:58:59.886,4,explorer.exe,0,3.016
1595,2023-01-27 17:59:02.902,4,DB Browser for SQLite.exe,0,6.037
1596,2023-01-27 17:59:08.939,4,explorer.exe,0,2.121
1597,2023-01-27 17:59:11.060,4,DB Browser for SQLite.exe,0,46.292
1598,2023-01-27 17:59:57.352,4,explorer.exe,0,2.012
1599,2023-01-27 17:59:59.364,4,DB Browser for SQLite.exe,0,5.029
1600,2023-01-27 18:00:04.393,4,explorer.exe,0,2.011
1601,2023-01-27 18:00:06.404,4,DB Browser for SQLite.exe,0,102.659
1602,2023-01-27 18:01:49.063,4,explorer.exe,0,2.007
1603,2023-01-27 18:01:51.070,4,DB Browser for SQLite.exe,0,7.027
1604,2023-01-27 18:01:58.097,4,explorer.exe,0,2.01
1605,2023-01-27 18:02:00.107,4,DB Browser for SQLite.exe,0,7.027
1606,2023-01-27 18:02:07.134,4,explorer.exe,0,2.009
1607,2023-01-27 18:02:09.143,4,DB Browser for SQLite.exe,0,129.775
1608,2023-01-27 18:04:18.918,4,explorer.exe,0,2.009
1609,2023-01-27 18:04:20.927,4,DB Browser for SQLite.exe,0,13.086
1610,2023-01-27 18:04:34.013,4,explorer.exe,0,2.01
1611,2023-01-27 18:04:36.023,4,DB Browser for SQLite.exe,0,39.223
1612,2023-01-27 18:05:15.246,4,explorer.exe,0,3.017
1613,2023-01-27 18:05:18.263,4,DB Browser for SQLite.exe,0,75.431
1614,2023-01-27 18:06:33.694,4,explorer.exe,0,4.019
1615,2023-01-27 18:06:37.713,4,chrome.exe,0,2.016
1616,2023-01-27 18:06:39.729,4,cmd.exe,0,4.028
1617,2023-01-27 18:06:43.757,4,chrome.exe,0,75.59
1618,2023-01-27 18:07:59.347,4,explorer.exe,0,4.034
1619,2023-01-27 18:08:03.381,4,chrome.exe,0,10.061
1620,2023-01-27 18:08:13.442,4,cmd.exe,0,1.012
1621,2023-01-27 18:08:14.454,4,explorer.exe,0,81.454
1622,2023-01-27 18:09:35.908,4,chrome.exe,0,65.489
1623,2023-01-27 18:10:41.397,4,explorer.exe,0,4.028
1624,2023-01-27 18:10:45.425,4,DB Browser for SQLite.exe,0,24.15
1625,2023-01-27 18:11:09.575,4,chrome.exe,0,30.205
1626,2023-01-27 18:11:39.780,4,DB Browser for SQLite.exe,0,104.688
1627,2023-01-27 18:13:24.468,4,chrome.exe,0,7.049
1628,2023-01-27 18:13:31.517,4,DB Browser for SQLite.exe,0,50.304
1629,2023-01-27 18:14:21.821,4,chrome.exe,0,10.063
1630,2023-01-27 18:14:31.884,4,DB Browser for SQLite.exe,0,26.156
1631,2023-01-27 18:14:58.040,4,chrome.exe,0,11.069
1632,2023-01-27 18:15:09.109,4,DB Browser for SQLite.exe,0,7.049
1633,2023-01-27 18:15:16.158,4,chrome.exe,0,3.016
1634,2023-01-27 18:15:19.174,4,DB Browser for SQLite.exe,0,5.138
1635,2023-01-27 18:15:24.312,4,chrome.exe,0,23.124
1636,2023-01-27 18:15:47.436,4,DB Browser for SQLite.exe,0,30.201
1637,2023-01-27 18:16:17.637,4,explorer.exe,0,1.004
1638,2023-01-27 18:16:18.641,4,cmd.exe,0,4.021
1639,2023-01-27 18:16:22.662,4,DB Browser for SQLite.exe,0,9.062
1640,2023-01-27 18:16:31.724,4,chrome.exe,0,4.129
1641,2023-01-27 18:16:35.853,4,explorer.exe,0,2.01
1642,2023-01-27 18:16:37.863,4,DB Browser for SQLite.exe,0,7.032
1643,2023-01-27 18:16:44.895,4,explorer.exe,0,2.012
1644,2023-01-27 18:16:46.907,4,DB Browser for SQLite.exe,0,36.207
1645,2023-01-27 18:17:23.114,4,explorer.exe,0,2.01
1646,2023-01-27 18:17:25.124,4,DB Browser for SQLite.exe,0,6.027
1647,2023-01-27 18:17:31.151,4,explorer.exe,0,2.009
1648,2023-01-27 18:17:33.160,4,DB Browser for SQLite.exe,0,13.078
1649,2023-01-27 18:17:46.238,4,explorer.exe,0,2.009
1650,2023-01-27 18:17:48.247,4,DB Browser for SQLite.exe,0,43.235
1651,2023-01-27 18:18:31.482,4,explorer.exe,0,3.013
1652,2023-01-27 18:18:34.495,4,DB Browser for SQLite.exe,0,42.236
1653,2023-01-27 18:19:16.731,4,Spotify.exe,0,3.021
1654,2023-01-27 18:19:19.752,4,DB Browser for SQLite.exe,0,8.09
1655,2023-01-27 18:19:27.842,4,explorer.exe,0,5.036
1656,2023-01-27 18:19:32.878,4,chrome.exe,0,15.111
1657,2023-01-27 18:19:47.989,4,cmd.exe,0,4.053
1658,2023-01-27 18:19:52.042,4,chrome.exe,0,166.751
1659,2023-01-27 18:22:38.793,4,cmd.exe,0,4.039
1660,2023-01-27 18:22:42.832,4,cmd.exe,0,74.005
1661,2023-01-27 18:23:56.837,4,cmd.exe,0,1.119
1662,2023-01-27 18:23:57.956,4,chrome.exe,0,15.166
1663,2023-01-27 18:24:13.122,4,cmd.exe,0,13.135
1664,2023-01-27 18:24:26.257,4,chrome.exe,0,1470.195
1665,2023-01-27 18:48:56.452,4,Messenger.exe,0,584.39
1666,2023-01-27 18:58:40.842,4,Teams.exe,0,144.584
1667,2023-01-27 19:01:05.426,4,chrome.exe,0,12.155
1668,2023-01-27 19:01:17.581,4,Teams.exe,0,8.082
1669,2023-01-27 19:01:25.663,4,Spotify.exe,0,2.021
1670,2023-01-27 19:01:27.684,4,Teams.exe,0,243.757
1671,2023-01-27 19:05:31.441,4,devenv.exe,0,5.034
1672,2023-01-27 19:05:36.475,4,Teams.exe,0,93.668
1673,2023-01-27 19:07:10.143,4,Messenger.exe,0,72.62
1674,2023-01-27 19:08:22.763,4,Teams.exe,0,1853.524
1675,2023-01-27 19:39:16.287,4,Messenger.exe,0,120.833
1676,2023-01-27 19:41:17.120,4,Teams.exe,0,246.787
1677,2023-01-27 19:45:23.907,4,Messenger.exe,0,101.692
1678,2023-01-27 19:47:05.599,4,Teams.exe,0,1826.501
1679,2023-01-27 20:17:32.100,4,chrome.exe,0,16.184
1680,2023-01-27 20:17:48.284,4,Teams.exe,0,3.035
1681,2023-01-27 20:17:51.319,4,chrome.exe,0,2.015
1682,2023-01-27 20:17:53.334,4,Messenger.exe,0,2.023
1683,2023-01-27 20:17:55.357,4,chrome.exe,0,7.049
1684,2023-01-27 20:18:02.406,4,explorer.exe,0,2.012
1685,2023-01-27 20:18:04.418,4,SearchHost.exe,0,3.12
1686,2023-01-27 20:18:07.538,4,ApplicationFrameHost.exe,0,1814.334
1687,2023-01-27 20:48:21.872,4,explorer.exe,0,4.022
1688,2023-01-27 20:48:25.894,4,chrome.exe,0,399.042
1689,2023-01-27 20:55:04.936,4,ApplicationFrameHost.exe,0,656.822
1690,2023-01-27 21:06:01.758,4,chrome.exe,0,3017.935
1691,2023-01-27 21:56:19.693,4,Messenger.exe,0,19.172
1692,2023-01-27 21:56:38.865,4,chrome.exe,0,166.325
1693,2023-01-27 21:59:25.190,4,Zoom.exe,0,2.006
1694,2023-01-27 21:59:27.196,4,Messenger.exe,0,1.005
1695,2023-01-27 21:59:28.201,4,Zoom.exe,0,22.212
1696,2023-01-27 21:59:50.413,4,Zoom.exe,0,4.019
1697,2023-01-27 21:59:54.432,4,Zoom.exe,0,352.016
1698,2023-01-27 22:05:46.448,4,chrome.exe,0,19.138
1699,2023-01-27 22:06:05.586,4,explorer.exe,0,1.004
1700,2023-01-27 22:06:06.590,4,Zoom.exe,0,13.088
1701,2023-01-27 22:06:19.678,4,chrome.exe,0,24.193
1702,2023-01-27 22:06:43.871,4,Zoom.exe,0,131.137
1703,2023-01-27 22:08:55.008,4,Zoom.exe,0,2.014
1704,2023-01-27 22:08:57.022,4,chrome.exe,0,438.402
1705,2023-01-27 22:16:15.424,4,ApplicationFrameHost.exe,0,4254.468
1706,2023-01-27 23:27:09.892,4,chrome.exe,0,61.485
1707,2023-01-27 23:28:11.377,4,Messenger.exe,0,424.374
1708,2023-01-27 23:35:15.751,4,chrome.exe,0,5.03
1709,2023-01-27 23:35:20.781,4,explorer.exe,0,85.517
1710,2023-01-27 23:36:46.298,4,Messenger.exe,0,369.957
1711,2023-01-27 23:42:56.255,4,explorer.exe,0,9.052
1712,2023-01-27 23:43:05.307,4,VsDebugConsole.exe,0,0.0
1713,2023-01-31 00:20:13.429,4,s0,0,0.0
1714,2023-01-31 00:20:13.429,4,VsDebugConsole.exe,0,2.013
1715,2023-01-31 00:20:15.442,4,devenv.exe,0,1.003
1716,2023-01-31 00:20:16.445,4,explorer.exe,0,3.017
1717,2023-01-31 00:20:19.462,4,Teams.exe,0,28.191
1718,2023-01-31 00:20:47.653,4,chrome.exe,0,18.187
1719,2023-01-31 00:21:05.840,4,Teams.exe,0,3.036
1720,2023-01-31 00:21:08.876,4,explorer.exe,0,2.01
1721,2023-01-31 00:21:10.886,4,Teams.exe,0,129.05
1722,2023-01-31 00:23:19.936,4,explorer.exe,0,4.029
1723,2023-01-31 00:23:23.965,4,chrome.exe,0,84.675
1724,2023-01-31 00:24:48.640,4,Teams.exe,0,257.157
1725,2023-01-31 00:29:05.797,4,chrome.exe,0,2.019
1726,2023-01-31 00:29:07.816,4,explorer.exe,0,2.02
1727,2023-01-31 00:29:09.836,4,ApplicationFrameHost.exe,0,8935.665
1728,2023-01-31 02:58:05.501,4,explorer.exe,0,4.026
1729,2023-01-31 02:58:09.527,4,chrome.exe,0,1123.282
1730,2023-01-31 03:16:52.809,4,Teams.exe,0,22.192
1731,2023-01-31 03:17:15.001,4,chrome.exe,0,7864.547
1732,2023-01-31 05:28:19.548,4,cmd.exe,0,85.607
1733,2023-01-31 05:29:45.155,4,chrome.exe,0,554.978
1734,2023-01-31 05:39:00.133,4,Messenger.exe,0,16.118
1735,2023-01-31 05:39:16.251,4,chrome.exe,0,1.02
1736,2023-01-31 05:39:17.271,4,Messenger.exe,0,34.236
1737,2023-01-31 05:39:51.507,4,chrome.exe,0,9.047
1738,2023-01-31 05:40:00.554,4,Messenger.exe,0,2.013
1739,2023-01-31 05:40:02.567,4,chrome.exe,0,5.046
1740,2023-01-31 05:40:07.613,4,Messenger.exe,0,3.014
1741,2023-01-31 05:40:10.627,4,chrome.exe,0,7.033
1742,2023-01-31 05:40:17.660,4,Messenger.exe,0,98.551
1743,2023-01-31 05:41:56.211,4,chrome.exe,0,5.031
1744,2023-01-31 05:42:01.242,4,Messenger.exe,0,78.417
1745,2023-01-31 05:43:19.659,4,chrome.exe,0,625.716
1746,2023-01-31 05:53:45.375,4,Messenger.exe,0,33.269
1747,2023-01-31 05:54:18.644,4,chrome.exe,0,1080.169
1748,2023-01-31 06:12:18.813,4,Teams.exe,0,53.378
1749,2023-01-31 06:13:12.191,4,chrome.exe,0,605.051
1750,2023-01-31 06:23:17.242,4,devenv.exe,0,2.016
1751,2023-01-31 06:23:19.258,4,chrome.exe,0,4.035
1752,2023-01-31 06:23:23.293,4,explorer.exe,0,17.133
1753,2023-01-31 06:23:40.426,4,chrome.exe,0,3870.576
1754,2023-01-31 07:28:11.002,4,Messenger.exe,0,5.058
1755,2023-01-31 07:28:16.060,4,chrome.exe,0,2.008
1756,2023-01-31 07:28:18.068,4,Teams.exe,0,3.026
1757,2023-01-31 07:28:21.094,4,cmd.exe,0,2.017
1758,2023-01-31 07:28:23.111,4,chrome.exe,0,2.013
1759,2023-01-31 07:28:25.124,4,explorer.exe,0,3.026
1760,2023-01-31 07:28:28.150,4,VsDebugConsole.exe,0,0.0
1761,2023-01-31 22:25:21.928,4,s0,0,0.0
1762,2023-01-31 22:25:21.928,4,VsDebugConsole.exe,0,5.046
1763,2023-01-31 22:25:26.974,4,devenv.exe,0,2.017
1764,2023-01-31 22:25:28.991,4,explorer.exe,0,10.337
1765,2023-01-31 22:25:39.328,4,cmd.exe,0,7.05
1766,2023-01-31 22:25:46.378,4,chrome.exe,0,9.074
1767,2023-01-31 22:25:55.452,4,cmd.exe,0,7.065
1768,2023-01-31 22:26:02.517,4,chrome.exe,0,1685.432
1769,2023-01-31 22:54:07.949,4,Messenger.exe,0,58.681
1770,2023-01-31 22:55:06.630,4,chrome.exe,0,405.651
1771,2023-01-31 23:01:52.281,4,Spotify.exe,0,3.009
1772,2023-01-31 23:01:55.290,4,chrome.exe,0,1.004
1773,2023-01-31 23:01:56.294,4,Zoom.exe,0,5.07
1774,2023-01-31 23:02:01.364,4,chrome.exe,0,14.139
1775,2023-01-31 23:02:15.503,4,Zoom.exe,0,6.041
1776,2023-01-31 23:02:21.544,4,Zoom.exe,0,12.093
1777,2023-01-31 23:02:33.637,4,chrome.exe,0,21.175
1778,2023-01-31 23:02:54.812,4,Teams.exe,0,41.376
1779,2023-01-31 23:03:36.188,4,chrome.exe,0,23.139
1780,2023-01-31 23:03:59.327,4,Zoom.exe,0,37.288
1781,2023-01-31 23:04:36.615,4,chrome.exe,0,5.031
1782,2023-01-31 23:04:41.646,4,Zoom.exe,0,7.034
1783,2023-01-31 23:04:48.680,4,chrome.exe,0,128.964
1784,2023-01-31 23:06:57.644,4,Zoom.exe,0,7.052
1785,2023-01-31 23:07:04.696,4,chrome.exe,0,510.938
1786,2023-01-31 23:15:35.634,4,Zoom.exe,0,5.029
1787,2023-01-31 23:15:40.663,4,chrome.exe,0,63.546
1788,2023-01-31 23:16:44.209,4,Messenger.exe,0,8.05
1789,2023-01-31 23:16:52.259,4,chrome.exe,0,232.908
1790,2023-01-31 23:20:45.167,4,Zoom.exe,0,37.279
1791,2023-01-31 23:21:22.446,4,chrome.exe,0,38.315
1792,2023-01-31 23:22:00.761,4,Zoom.exe,0,13.11
1793,2023-01-31 23:22:13.871,4,chrome.exe,0,114.774
1794,2023-01-31 23:24:08.645,4,Zoom.exe,0,8.052
1795,2023-01-31 23:24:16.697,4,chrome.exe,0,32.232
1796,2023-01-31 23:24:48.929,4,Zoom.exe,0,23.172
1797,2023-01-31 23:25:12.101,4,chrome.exe,0,7.07
1798,2023-01-31 23:25:19.171,4,Zoom.exe,0,13.106
1799,2023-01-31 23:25:32.277,4,chrome.exe,0,36.278
1800,2023-01-31 23:26:08.555,4,Zoom.exe,0,17.143
1801,2023-01-31 23:26:25.698,4,chrome.exe,0,32.262
1802,2023-01-31 23:26:57.960,4,Zoom.exe,0,216.743
1803,2023-01-31 23:30:34.703,4,chrome.exe,0,10.068
1804,2023-01-31 23:30:44.771,4,Zoom.exe,0,569.266
1805,2023-01-31 23:40:14.037,4,explorer.exe,0,2.016
1806,2023-01-31 23:40:16.053,4,Zoom.exe,0,6.035
1807,2023-01-31 23:40:22.088,4,chrome.exe,0,57.471
1808,2023-01-31 23:41:19.559,4,Zoom.exe,0,28.217
1809,2023-01-31 23:41:47.776,4,chrome.exe,0,43.341
1810,2023-01-31 23:42:31.117,4,Zoom.exe,0,269.022
1811,2023-01-31 23:47:00.139,4,explorer.exe,0,1.009
1812,2023-01-31 23:47:01.148,4,chrome.exe,0,3.021
1813,2023-01-31 23:47:04.169,4,explorer.exe,0,1.0
1814,2023-01-31 23:47:05.169,4,Zoom.exe,0,9.075
1815,2023-01-31 23:47:14.244,4,chrome.exe,0,47.399
1816,2023-01-31 23:48:01.643,4,Zoom.exe,0,5.037
1817,2023-01-31 23:48:06.680,4,Zoom.exe,0,1.004
1818,2023-01-31 23:48:07.684,4,chrome.exe,0,167.223
1819,2023-01-31 23:50:54.907,4,cmd.exe,0,66.402
1820,2023-01-31 23:52:01.309,4,chrome.exe,0,188.347
1821,2023-01-31 23:55:09.656,4,cmd.exe,0,344.134
1822,2023-02-01 00:00:53.790,4,chrome.exe,0,2728.621
1823,2023-02-01 00:46:22.411,4,cmd.exe,0,3.036
1824,2023-02-01 00:46:25.447,4,explorer.exe,0,78.621
1825,2023-02-01 00:47:44.068,4,Teams.exe,0,31.242
1826,2023-02-01 00:48:15.310,4,explorer.exe,0,3.033
1827,2023-02-01 00:48:18.343,4,ApplicationFrameHost.exe,0,8448.389
1828,2023-02-01 03:09:06.732,4,LockApp.exe,0,7.033
1829,2023-02-01 03:09:13.765,4,ApplicationFrameHost.exe,0,7.06
1830,2023-02-01 03:09:20.825,4,explorer.exe,0,3.018
1831,2023-02-01 03:09:23.843,4,VsDebugConsole.exe,0,6.044
1832,2023-02-01 03:09:29.887,4,explorer.exe,0,3.016
1833,2023-02-01 03:09:32.903,4,chrome.exe,0,1344.824
1834,2023-02-01 03:31:57.727,4,ApplicationFrameHost.exe,0,158.166
1835,2023-02-01 03:34:35.893,4,chrome.exe,0,332.621
1836,2023-02-01 03:40:08.514,4,DB Browser for SQLite.exe,0,6.042
1837,2023-02-01 03:40:14.556,4,chrome.exe,0,7.054
1838,2023-02-01 03:40:21.610,4,explorer.exe,0,21.202
1839,2023-02-01 03:40:42.812,4,VsDebugConsole.exe,0,0.0
